CREATE DATABASE  IF NOT EXISTS `super_seguro_leitor` /*!40100 DEFAULT CHARACTER SET latin1 */;
USE `super_seguro_leitor`;
-- MySQL dump 10.13  Distrib 5.5.16, for Win32 (x86)
--
-- Host: localhost    Database: super_seguro_leitor
-- ------------------------------------------------------
-- Server version	5.5.30

/*!40101 SET @OLD_CHARACTER_SET_CLIENT=@@CHARACTER_SET_CLIENT */;
/*!40101 SET @OLD_CHARACTER_SET_RESULTS=@@CHARACTER_SET_RESULTS */;
/*!40101 SET @OLD_COLLATION_CONNECTION=@@COLLATION_CONNECTION */;
/*!40101 SET NAMES utf8 */;
/*!40103 SET @OLD_TIME_ZONE=@@TIME_ZONE */;
/*!40103 SET TIME_ZONE='+00:00' */;
/*!40014 SET @OLD_UNIQUE_CHECKS=@@UNIQUE_CHECKS, UNIQUE_CHECKS=0 */;
/*!40014 SET @OLD_FOREIGN_KEY_CHECKS=@@FOREIGN_KEY_CHECKS, FOREIGN_KEY_CHECKS=0 */;
/*!40101 SET @OLD_SQL_MODE=@@SQL_MODE, SQL_MODE='NO_AUTO_VALUE_ON_ZERO' */;
/*!40111 SET @OLD_SQL_NOTES=@@SQL_NOTES, SQL_NOTES=0 */;

--
-- Table structure for table `arquivos_envio`
--

DROP TABLE IF EXISTS `arquivos_envio`;
/*!40101 SET @saved_cs_client     = @@character_set_client */;
/*!40101 SET character_set_client = utf8 */;
CREATE TABLE `arquivos_envio` (
  `id` int(11) NOT NULL AUTO_INCREMENT,
  `nome_arquivo` varchar(8) NOT NULL,
  `data_arquivo` datetime NOT NULL,
  `recebido_erro` tinyint(1) NOT NULL DEFAULT '0',
  PRIMARY KEY (`id`)
) ENGINE=InnoDB AUTO_INCREMENT=4 DEFAULT CHARSET=utf8;
/*!40101 SET character_set_client = @saved_cs_client */;

--
-- Dumping data for table `arquivos_envio`
--

LOCK TABLES `arquivos_envio` WRITE;
/*!40000 ALTER TABLE `arquivos_envio` DISABLE KEYS */;
INSERT INTO `arquivos_envio` VALUES (1,'00000001','2014-02-23 13:15:53',0),(2,'00000002','2014-02-23 13:53:36',0),(3,'00000003','2014-02-23 13:53:38',0);
/*!40000 ALTER TABLE `arquivos_envio` ENABLE KEYS */;
UNLOCK TABLES;

--
-- Table structure for table `infos_pessoais`
--

DROP TABLE IF EXISTS `infos_pessoais`;
/*!40101 SET @saved_cs_client     = @@character_set_client */;
/*!40101 SET character_set_client = utf8 */;
CREATE TABLE `infos_pessoais` (
  `id` bigint(20) NOT NULL AUTO_INCREMENT,
  `email` varchar(100) NOT NULL,
  `nome` varchar(100) NOT NULL,
  `sobrenome` varchar(45) NOT NULL,
  PRIMARY KEY (`id`),
  UNIQUE KEY `unique_infos_pessoais` (`email`)
) ENGINE=InnoDB AUTO_INCREMENT=28 DEFAULT CHARSET=utf8;
/*!40101 SET character_set_client = @saved_cs_client */;

--
-- Dumping data for table `infos_pessoais`
--

LOCK TABLES `infos_pessoais` WRITE;
/*!40000 ALTER TABLE `infos_pessoais` DISABLE KEYS */;
INSERT INTO `infos_pessoais` VALUES (1,'scaranelloerik@yahoo.it','Erik','Scaranello'),(27,'teste@teste.com.br','teste segundo ok','teste');
/*!40000 ALTER TABLE `infos_pessoais` ENABLE KEYS */;
UNLOCK TABLES;

--
-- Table structure for table `numero_documento`
--

DROP TABLE IF EXISTS `numero_documento`;
/*!40101 SET @saved_cs_client     = @@character_set_client */;
/*!40101 SET character_set_client = utf8 */;
CREATE TABLE `numero_documento` (
  `id` bigint(20) NOT NULL AUTO_INCREMENT,
  `numero_documento` varchar(25) NOT NULL,
  `nosso_numero` varchar(25) NOT NULL,
  `id_recebido_sou_super_seguro` bigint(20) NOT NULL,
  PRIMARY KEY (`id`),
  KEY `FK_numero_documento_sou_super_seguro_idx` (`id_recebido_sou_super_seguro`),
  CONSTRAINT `FK_numero_documento_sou_super_seguro` FOREIGN KEY (`id_recebido_sou_super_seguro`) REFERENCES `recebido_sou_super_seguro` (`id`) ON DELETE NO ACTION ON UPDATE NO ACTION
) ENGINE=InnoDB AUTO_INCREMENT=5 DEFAULT CHARSET=latin1;
/*!40101 SET character_set_client = @saved_cs_client */;

--
-- Dumping data for table `numero_documento`
--

LOCK TABLES `numero_documento` WRITE;
/*!40000 ALTER TABLE `numero_documento` DISABLE KEYS */;
INSERT INTO `numero_documento` VALUES (1,'0000000146','00000000146-8',146),(2,'0000000148','00000000148-8',148),(3,'0000000150','00000000150-5',150),(4,'0000000151','00000000151-5',151);
/*!40000 ALTER TABLE `numero_documento` ENABLE KEYS */;
UNLOCK TABLES;

--
-- Table structure for table `proposta`
--

DROP TABLE IF EXISTS `proposta`;
/*!40101 SET @saved_cs_client     = @@character_set_client */;
/*!40101 SET character_set_client = utf8 */;
CREATE TABLE `proposta` (
  `id` bigint(20) NOT NULL AUTO_INCREMENT,
  `proposta_pronta` varchar(60) NOT NULL,
  `id_recebido_sou_super_seguro` bigint(20) NOT NULL,
  PRIMARY KEY (`id`),
  KEY `fk_proposta_sou_super_seguro_idx` (`id_recebido_sou_super_seguro`),
  CONSTRAINT `fk_proposta_sou_super_seguro` FOREIGN KEY (`id_recebido_sou_super_seguro`) REFERENCES `recebido_sou_super_seguro` (`id`) ON DELETE NO ACTION ON UPDATE NO ACTION
) ENGINE=InnoDB AUTO_INCREMENT=139 DEFAULT CHARSET=utf8;
/*!40101 SET character_set_client = @saved_cs_client */;

--
-- Dumping data for table `proposta`
--

LOCK TABLES `proposta` WRITE;
/*!40000 ALTER TABLE `proposta` DISABLE KEYS */;
INSERT INTO `proposta` VALUES (82,'SSC000000000822',95),(83,'SSC000000000830',96),(84,'SSC000000000848',97),(85,'SSC000000000856',98),(86,'SSC000000000864',99),(87,'SSC000000000872',100),(88,'SSC000000000880',101),(89,'SSC000000000898',102),(90,'SSC000000000905',103),(91,'SSC000000000913',104),(92,'SSC000000000921',105),(93,'SSC000000000939',106),(94,'SSC000000000947',107),(95,'SSC000000000955',108),(96,'SSC000000000963',109),(97,'SSC000000000971',110),(98,'SSC000000000989',111),(99,'SSC000000000997',112),(100,'SSC000000001002',113),(101,'SSC000000001010',114),(102,'SSC000000001028',115),(103,'SSC000000001036',116),(104,'SSC000000001044',117),(105,'SSC000000001052',118),(106,'SSC000000001060',119),(107,'SSC000000001078',120),(108,'SSC000000001086',121),(109,'SSC000000001094',122),(110,'SSC000000001101',123),(111,'SSC000000001119',124),(112,'SSC000000001127',125),(113,'SSC000000001135',126),(114,'SSC000000001143',127),(115,'SSC000000001151',128),(116,'SSC000000001169',129),(117,'SSC000000001177',130),(118,'SSC000000001185',131),(119,'SSC000000001193',132),(120,'SSC000000001200',133),(121,'SSC000000001218',134),(122,'SSC000000001226',135),(123,'SSC000000001234',136),(124,'SSC000000001242',137),(125,'SSC000000001250',138),(126,'SSC000000001268',139),(127,'SSC000000001276',140),(128,'SSC000000001284',141),(129,'SSC000000001292',142),(130,'SSC000000001309',143),(131,'SSC000000001317',144),(132,'SSC000000001325',145),(133,'SSC000000001333',146),(134,'SSC000000001341',147),(135,'SSC000000001359',148),(136,'SSC000000001367',149),(137,'SSC000000001375',150),(138,'SSC000000001383',151);
/*!40000 ALTER TABLE `proposta` ENABLE KEYS */;
UNLOCK TABLES;

--
-- Table structure for table `recebido_sou_super_seguro`
--

DROP TABLE IF EXISTS `recebido_sou_super_seguro`;
/*!40101 SET @saved_cs_client     = @@character_set_client */;
/*!40101 SET character_set_client = utf8 */;
CREATE TABLE `recebido_sou_super_seguro` (
  `id` bigint(20) NOT NULL AUTO_INCREMENT,
  `bairro_res` varchar(30) NOT NULL,
  `c_categoria` varchar(255) NOT NULL,
  `c_destino` varchar(50) DEFAULT NULL,
  `c_est_civil` varchar(255) DEFAULT NULL,
  `c_fone1` varchar(20) DEFAULT NULL,
  `c_fone2` varchar(20) DEFAULT NULL,
  `c_motivo_can` varchar(255) DEFAULT NULL,
  `c_origem` varchar(50) DEFAULT NULL,
  `c_parentesco` varchar(255) NOT NULL,
  `c_plano` varchar(9) DEFAULT NULL,
  `c_sexo` varchar(255) NOT NULL,
  `c_status` varchar(255) NOT NULL,
  `c_tipo_registro` varchar(1) DEFAULT NULL,
  `cd_matricula` varchar(20) DEFAULT NULL,
  `cep_res` varchar(8) NOT NULL,
  `cidade_res` varchar(30) NOT NULL,
  `cns` varchar(15) DEFAULT NULL,
  `comp_res` varchar(15) DEFAULT NULL,
  `contrato` varchar(10) DEFAULT NULL,
  `cpf` varchar(11) NOT NULL,
  `d_fone1` varchar(3) NOT NULL,
  `d_fone2` varchar(3) DEFAULT NULL,
  `d_fone3` varchar(3) DEFAULT NULL,
  `dnv` varchar(11) DEFAULT NULL,
  `dt_adesao` datetime DEFAULT NULL,
  `dt_arquivo` datetime DEFAULT NULL,
  `dt_cancelamento` datetime DEFAULT NULL,
  `dt_nascimento` datetime NOT NULL,
  `email` varchar(50) DEFAULT NULL,
  `filler` longtext,
  `id_cidade_res` bigint(20) DEFAULT NULL,
  `n_fone1` varchar(15) NOT NULL,
  `n_fone2` varchar(15) DEFAULT NULL,
  `n_fone3` varchar(15) DEFAULT NULL,
  `nome` varchar(70) NOT NULL,
  `nome_mae` varchar(70) NOT NULL,
  `nr_sequencial` bigint(20) DEFAULT NULL,
  `nro_proposta` varchar(60) DEFAULT NULL,
  `pis_pasep_nit` varchar(11) DEFAULT NULL,
  `r_logradores` varchar(50) NOT NULL,
  `r_numero_res` varchar(10) NOT NULL,
  `referencia_res` varchar(30) DEFAULT NULL,
  `uf_res` varchar(2) NOT NULL,
  `id_recebido_sou_super_seguro_cobranca` bigint(20) NOT NULL,
  `id_recebido_sou_super_seguro_pagamento_mensalidade` bigint(20) NOT NULL,
  `id_recebido_sou_super_seguro_dados_finais` bigint(20) DEFAULT NULL,
  `enviado` tinyint(1) DEFAULT '0',
  PRIMARY KEY (`id`),
  KEY `fk_recebido_cobranca_idx` (`id_recebido_sou_super_seguro_cobranca`),
  KEY `fk_recebido_mensallidade_idx` (`id_recebido_sou_super_seguro_pagamento_mensalidade`),
  KEY `fk_recebido_dados_finais_idx` (`id_recebido_sou_super_seguro_dados_finais`),
  CONSTRAINT `fk_recebido_cobranca` FOREIGN KEY (`id_recebido_sou_super_seguro_cobranca`) REFERENCES `recebido_sou_super_seguro_cobranca` (`id`) ON DELETE CASCADE ON UPDATE NO ACTION,
  CONSTRAINT `fk_recebido_dados_finais` FOREIGN KEY (`id_recebido_sou_super_seguro_dados_finais`) REFERENCES `recebido_sou_super_seguro_dados_finais` (`id`) ON DELETE CASCADE ON UPDATE NO ACTION,
  CONSTRAINT `fk_recebido_mensallidade` FOREIGN KEY (`id_recebido_sou_super_seguro_pagamento_mensalidade`) REFERENCES `recebido_sou_super_seguro_mensalidade` (`id`) ON DELETE CASCADE ON UPDATE NO ACTION
) ENGINE=InnoDB AUTO_INCREMENT=152 DEFAULT CHARSET=utf8;
/*!40101 SET character_set_client = @saved_cs_client */;

--
-- Dumping data for table `recebido_sou_super_seguro`
--

LOCK TABLES `recebido_sou_super_seguro` WRITE;
/*!40000 ALTER TABLE `recebido_sou_super_seguro` DISABLE KEYS */;
INSERT INTO `recebido_sou_super_seguro` VALUES (95,'PASSARE        ','TITULAR',NULL,NULL,NULL,NULL,NULL,NULL,'PAI',NULL,'Masculino','I',NULL,NULL,'60743770','FORTALEZA      ',NULL,NULL,'057946','70168229315','85',NULL,NULL,NULL,NULL,NULL,NULL,'2014-02-14 01:55:39','thiagotrader@hotmail.com',NULL,2304400,'88525011',NULL,NULL,'ROGERIO DE ANDRADE MACHADO    ','MARIA ANGELITA PEREIRA ALVES  ',NULL,'SSC000000000822',NULL,'AV PRUDENTE BRASIL  ','633',NULL,'CE',219,139,NULL,1),(96,'CENTRO         ','TITULAR',NULL,NULL,NULL,NULL,NULL,NULL,'PAI',NULL,'Masculino','I',NULL,NULL,'38280970','ITURAMA        ',NULL,NULL,'057946',' 5908650137','34',NULL,NULL,NULL,NULL,NULL,NULL,'2014-02-14 01:55:39','mathenoli_vidaloka@hotmail.com                    ',NULL,3134400,'34110333',NULL,NULL,'MATHEUS HENRIQUE DE OLIVEIRA  ','ELIZABETE NOGUEIRA DA COSTA   ',NULL,'SSC000000000830',NULL,'AV MATO GROSSO                ','783',NULL,'MG',220,140,NULL,1),(97,'CENTRO         ','TITULAR',NULL,NULL,NULL,NULL,NULL,NULL,'PAI',NULL,'Feminino','I',NULL,NULL,'75820000','SERRANOPOLIS   ',NULL,NULL,'057946','55631894149','64',NULL,NULL,NULL,NULL,NULL,NULL,'2014-02-14 01:55:39','ecastrodesouza@gmail.com                          ',NULL,5220504,'36681849',NULL,NULL,'ELIENE CASTRO DE SOUZA        ','JAQUELINE SERPA LIRA          ',NULL,'SSC000000000848',NULL,'RUA JOAQUIM MANECO            ','19',NULL,'GO',221,141,NULL,1),(98,'MONDUBIM       ','TITULAR',NULL,NULL,NULL,NULL,NULL,NULL,'PAI',NULL,'Masculino','I',NULL,NULL,'60763376','FORTALEZA      ',NULL,NULL,'057946','63133725300','85',NULL,NULL,NULL,NULL,NULL,NULL,'2014-02-14 01:55:40','SD_BRITOFILHO@HOTMAIL.COM                         ',NULL,2304400,'34735744',NULL,NULL,'FRANCISCO BRITO SILVA FILHO   ','MARIA ELIZETE F DE OLIVEIRA   ',NULL,'SSC000000000856',NULL,'RUA MONTE LIBANO              ','493',NULL,'CE',222,142,NULL,1),(99,'MANUEL SATIRO  ','TITULAR',NULL,NULL,NULL,NULL,NULL,NULL,'PAI',NULL,'Masculino','I',NULL,NULL,'60713200','FORTALEZA      ',NULL,NULL,'057946','60102211370','85',NULL,NULL,NULL,NULL,NULL,NULL,'2014-02-14 01:55:40','thiagotrader@hotmail.com',NULL,2304400,'86133218',NULL,NULL,'JANUARIO ALVES DE LIMA        ','CLAUDIA RODRIGUES DE OLIVEIRA ',NULL,'SSC000000000864',NULL,'R ALBANO AMARAL BL A AP I     ','242',NULL,'CE',223,143,NULL,1),(100,'PIMENTAIS      ','TITULAR',NULL,NULL,NULL,NULL,NULL,NULL,'PAI',NULL,'Masculino','I',NULL,NULL,'13940000','AGUAS D LINDOIA',NULL,NULL,'057946','27802625831','19',NULL,NULL,NULL,NULL,NULL,NULL,'2014-02-14 01:57:21','thiagotrader@hotmail.com',NULL,3500501,'38247421',NULL,NULL,'GILMAR PIRES CARDOSO          ','SANDRA MARIA RODRIGUES COSTA  ',NULL,'SSC000000000872',NULL,'R JOAO SOUSA CARVALHO         ','363',NULL,'SP',224,144,NULL,1),(101,'PASSARE        ','TITULAR',NULL,NULL,NULL,NULL,NULL,NULL,'PAI',NULL,'Masculino','I',NULL,NULL,'60743770','FORTALEZA      ',NULL,NULL,'057946','70168229315','85',NULL,NULL,NULL,NULL,NULL,NULL,'2014-02-14 01:58:19','thiagotrader@hotmail.com',NULL,2304400,'88525011',NULL,NULL,'ROGERIO DE ANDRADE MACHADO    ','MARIA ANGELITA PEREIRA ALVES  ',NULL,'SSC000000000880',NULL,'AV PRUDENTE BRASIL  ','633',NULL,'CE',225,145,NULL,1),(102,'PIMENTAIS      ','TITULAR',NULL,NULL,NULL,NULL,NULL,NULL,'PAI',NULL,'Masculino','I',NULL,NULL,'13940000','AGUAS D LINDOIA',NULL,NULL,'057946','27802625831','19',NULL,NULL,NULL,NULL,NULL,NULL,'2014-02-14 02:04:09','thiagotrader@hotmail.com',NULL,3500501,'38247421',NULL,NULL,'GILMAR PIRES CARDOSO          ','SANDRA MARIA RODRIGUES COSTA  ',NULL,'SSC000000000898',NULL,'R JOAO SOUSA CARVALHO         ','363',NULL,'SP',226,146,NULL,1),(103,'PASSARE        ','TITULAR',NULL,NULL,NULL,NULL,NULL,NULL,'PAI',NULL,'Masculino','I',NULL,NULL,'60743770','FORTALEZA      ',NULL,NULL,'057946','70168229315','85',NULL,NULL,NULL,NULL,NULL,NULL,'2014-02-14 02:05:06','thiagotrader@hotmail.com',NULL,2304400,'88525011',NULL,NULL,'ROGERIO DE ANDRADE MACHADO    ','MARIA ANGELITA PEREIRA ALVES  ',NULL,'SSC000000000905',NULL,'AV PRUDENTE BRASIL  ','633',NULL,'CE',227,147,NULL,1),(104,'CENTRO         ','TITULAR',NULL,NULL,NULL,NULL,NULL,NULL,'PAI',NULL,'Masculino','I',NULL,NULL,'38280970','ITURAMA        ',NULL,NULL,'057946',' 5908650137','34',NULL,NULL,NULL,NULL,NULL,NULL,'2014-02-14 02:06:49','mathenoli_vidaloka@hotmail.com                    ',NULL,3134400,'34110333',NULL,NULL,'MATHEUS HENRIQUE DE OLIVEIRA  ','ELIZABETE NOGUEIRA DA COSTA   ',NULL,'SSC000000000913',NULL,'AV MATO GROSSO                ','783',NULL,'MG',228,148,NULL,1),(105,'CENTRO         ','TITULAR',NULL,NULL,NULL,NULL,NULL,NULL,'PAI',NULL,'Feminino','I',NULL,NULL,'75820000','SERRANOPOLIS   ',NULL,NULL,'057946','55631894149','64',NULL,NULL,NULL,NULL,NULL,NULL,'2014-02-14 02:07:07','ecastrodesouza@gmail.com                          ',NULL,5220504,'36681849',NULL,NULL,'ELIENE CASTRO DE SOUZA        ','JAQUELINE SERPA LIRA          ',NULL,'SSC000000000921',NULL,'RUA JOAQUIM MANECO            ','19',NULL,'GO',229,149,NULL,1),(106,'PIMENTAIS      ','TITULAR',NULL,NULL,NULL,NULL,NULL,NULL,'PAI',NULL,'Masculino','I',NULL,NULL,'13940000','AGUAS D LINDOIA',NULL,NULL,'057946','27802625831','19',NULL,NULL,NULL,NULL,NULL,NULL,'2014-02-14 02:10:54','thiagotrader@hotmail.com',NULL,3500501,'38247421',NULL,NULL,'GILMAR PIRES CARDOSO          ','SANDRA MARIA RODRIGUES COSTA  ',NULL,'SSC000000000939',NULL,'R JOAO SOUSA CARVALHO         ','363',NULL,'SP',230,150,NULL,1),(107,'PIMENTAIS      ','TITULAR',NULL,NULL,NULL,NULL,NULL,NULL,'PAI',NULL,'Masculino','I',NULL,NULL,'13940000','AGUAS D LINDOIA',NULL,NULL,'057946','27802625831','19',NULL,NULL,NULL,NULL,NULL,NULL,'2014-02-14 02:11:42','thiagotrader@hotmail.com',NULL,3500501,'38247421',NULL,NULL,'GILMAR PIRES CARDOSO          ','SANDRA MARIA RODRIGUES COSTA  ',NULL,'SSC000000000947',NULL,'R JOAO SOUSA CARVALHO         ','363',NULL,'SP',231,151,NULL,1),(108,'PASSARE        ','TITULAR',NULL,NULL,NULL,NULL,NULL,NULL,'PAI',NULL,'Masculino','I',NULL,NULL,'60743770','FORTALEZA      ',NULL,NULL,'057946','70168229315','85',NULL,NULL,NULL,NULL,NULL,NULL,'2014-02-14 02:12:13','thiagotrader@hotmail.com',NULL,2304400,'88525011',NULL,NULL,'ROGERIO DE ANDRADE MACHADO    ','MARIA ANGELITA PEREIRA ALVES  ',NULL,'SSC000000000955',NULL,'AV PRUDENTE BRASIL  ','633',NULL,'CE',232,152,NULL,1),(109,'CENTRO         ','TITULAR',NULL,NULL,NULL,NULL,NULL,NULL,'PAI',NULL,'Masculino','I',NULL,NULL,'38280970','ITURAMA        ',NULL,NULL,'057946',' 5908650137','34',NULL,NULL,NULL,NULL,NULL,NULL,'2014-02-14 02:13:37','mathenoli_vidaloka@hotmail.com                    ',NULL,3134400,'34110333',NULL,NULL,'MATHEUS HENRIQUE DE OLIVEIRA  ','ELIZABETE NOGUEIRA DA COSTA   ',NULL,'SSC000000000963',NULL,'AV MATO GROSSO                ','783',NULL,'MG',233,153,NULL,1),(110,'CENTRO         ','TITULAR',NULL,NULL,NULL,NULL,NULL,NULL,'PAI',NULL,'Feminino','I',NULL,NULL,'75820000','SERRANOPOLIS   ',NULL,NULL,'057946','55631894149','64',NULL,NULL,NULL,NULL,NULL,NULL,'2014-02-14 02:13:38','ecastrodesouza@gmail.com                          ',NULL,5220504,'36681849',NULL,NULL,'ELIENE CASTRO DE SOUZA        ','JAQUELINE SERPA LIRA          ',NULL,'SSC000000000971',NULL,'RUA JOAQUIM MANECO            ','19',NULL,'GO',234,154,NULL,1),(111,'MONDUBIM       ','TITULAR',NULL,NULL,NULL,NULL,NULL,NULL,'PAI',NULL,'Masculino','I',NULL,NULL,'60763376','FORTALEZA      ',NULL,NULL,'057946','63133725300','85',NULL,NULL,NULL,NULL,NULL,NULL,'2014-02-14 02:13:39','SD_BRITOFILHO@HOTMAIL.COM                         ',NULL,2304400,'34735744',NULL,NULL,'FRANCISCO BRITO SILVA FILHO   ','MARIA ELIZETE F DE OLIVEIRA   ',NULL,'SSC000000000989',NULL,'RUA MONTE LIBANO              ','493',NULL,'CE',235,155,NULL,1),(112,'MANUEL SATIRO  ','TITULAR',NULL,NULL,NULL,NULL,NULL,NULL,'PAI',NULL,'Masculino','I',NULL,NULL,'60713200','FORTALEZA      ',NULL,NULL,'057946','60102211370','85',NULL,NULL,NULL,NULL,NULL,NULL,'2014-02-14 02:13:40','thiagotrader@hotmail.com',NULL,2304400,'86133218',NULL,NULL,'JANUARIO ALVES DE LIMA        ','CLAUDIA RODRIGUES DE OLIVEIRA ',NULL,'SSC000000000997',NULL,'R ALBANO AMARAL BL A AP I     ','242',NULL,'CE',236,156,NULL,1),(113,'PIMENTAIS      ','TITULAR',NULL,NULL,NULL,NULL,NULL,NULL,'PAI',NULL,'Masculino','I',NULL,NULL,'13940000','AGUAS D LINDOIA',NULL,NULL,'057946','27802625831','19',NULL,NULL,NULL,NULL,NULL,NULL,'2014-02-14 02:15:54','thiagotrader@hotmail.com',NULL,3500501,'38247421',NULL,NULL,'GILMAR PIRES CARDOSO          ','SANDRA MARIA RODRIGUES COSTA  ',NULL,'SSC000000001002',NULL,'R JOAO SOUSA CARVALHO         ','363',NULL,'SP',237,157,NULL,1),(114,'PASSARE        ','TITULAR',NULL,NULL,NULL,NULL,NULL,NULL,'PAI',NULL,'Masculino','I',NULL,NULL,'60743770','FORTALEZA      ',NULL,NULL,'057946','70168229315','85',NULL,NULL,NULL,NULL,NULL,NULL,'2014-02-14 02:15:58','thiagotrader@hotmail.com',NULL,2304400,'88525011',NULL,NULL,'ROGERIO DE ANDRADE MACHADO    ','MARIA ANGELITA PEREIRA ALVES  ',NULL,'SSC000000001010',NULL,'AV PRUDENTE BRASIL  ','633',NULL,'CE',238,158,NULL,1),(115,'CENTRO         ','TITULAR',NULL,NULL,NULL,NULL,NULL,NULL,'PAI',NULL,'Masculino','I',NULL,NULL,'38280970','ITURAMA        ',NULL,NULL,'057946',' 5908650137','34',NULL,NULL,NULL,NULL,NULL,NULL,'2014-02-14 02:16:42','mathenoli_vidaloka@hotmail.com                    ',NULL,3134400,'34110333',NULL,NULL,'MATHEUS HENRIQUE DE OLIVEIRA  ','ELIZABETE NOGUEIRA DA COSTA   ',NULL,'SSC000000001028',NULL,'AV MATO GROSSO                ','783',NULL,'MG',239,159,NULL,1),(116,'CENTRO         ','TITULAR',NULL,NULL,NULL,NULL,NULL,NULL,'PAI',NULL,'Feminino','I',NULL,NULL,'75820000','SERRANOPOLIS   ',NULL,NULL,'057946','55631894149','64',NULL,NULL,NULL,NULL,NULL,NULL,'2014-02-14 02:17:20','ecastrodesouza@gmail.com                          ',NULL,5220504,'36681849',NULL,NULL,'ELIENE CASTRO DE SOUZA        ','JAQUELINE SERPA LIRA          ',NULL,'SSC000000001036',NULL,'RUA JOAQUIM MANECO            ','19',NULL,'GO',240,160,NULL,1),(117,'MONDUBIM       ','TITULAR',NULL,NULL,NULL,NULL,NULL,NULL,'PAI',NULL,'Masculino','I',NULL,NULL,'60763376','FORTALEZA      ',NULL,NULL,'057946','63133725300','85',NULL,NULL,NULL,NULL,NULL,NULL,'2014-02-14 02:17:22','SD_BRITOFILHO@HOTMAIL.COM                         ',NULL,2304400,'34735744',NULL,NULL,'FRANCISCO BRITO SILVA FILHO   ','MARIA ELIZETE F DE OLIVEIRA   ',NULL,'SSC000000001044',NULL,'RUA MONTE LIBANO              ','493',NULL,'CE',241,161,NULL,1),(118,'MANUEL SATIRO  ','TITULAR',NULL,NULL,NULL,NULL,NULL,NULL,'PAI',NULL,'Masculino','I',NULL,NULL,'60713200','FORTALEZA      ',NULL,NULL,'057946','60102211370','85',NULL,NULL,NULL,NULL,NULL,NULL,'2014-02-14 02:17:23','thiagotrader@hotmail.com',NULL,2304400,'86133218',NULL,NULL,'JANUARIO ALVES DE LIMA        ','CLAUDIA RODRIGUES DE OLIVEIRA ',NULL,'SSC000000001052',NULL,'R ALBANO AMARAL BL A AP I     ','242',NULL,'CE',242,162,NULL,1),(119,'PIMENTAIS      ','TITULAR',NULL,NULL,NULL,NULL,NULL,NULL,'PAI',NULL,'Masculino','I',NULL,NULL,'13940000','AGUAS D LINDOIA',NULL,NULL,'057946','27802625831','19',NULL,NULL,NULL,NULL,NULL,NULL,'2014-02-23 13:16:46','thiagotrader@hotmail.com',NULL,3500501,'38247421',NULL,NULL,'GILMAR PIRES CARDOSO          ','SANDRA MARIA RODRIGUES COSTA  ',NULL,'SSC000000001060',NULL,'R JOAO SOUSA CARVALHO         ','363',NULL,'SP',243,163,NULL,1),(120,'PASSARE        ','TITULAR',NULL,NULL,NULL,NULL,NULL,NULL,'PAI',NULL,'Masculino','I',NULL,NULL,'60743770','FORTALEZA      ',NULL,NULL,'057946','70168229315','85',NULL,NULL,NULL,NULL,NULL,NULL,'2014-02-23 13:16:48','thiagotrader@hotmail.com',NULL,2304400,'88525011',NULL,NULL,'ROGERIO DE ANDRADE MACHADO    ','MARIA ANGELITA PEREIRA ALVES  ',NULL,'SSC000000001078',NULL,'AV PRUDENTE BRASIL  ','633',NULL,'CE',244,164,NULL,1),(121,'CENTRO         ','TITULAR',NULL,NULL,NULL,NULL,NULL,NULL,'PAI',NULL,'Masculino','I',NULL,NULL,'38280970','ITURAMA        ',NULL,NULL,'057946',' 5908650137','34',NULL,NULL,NULL,NULL,NULL,NULL,'2014-02-23 13:16:58','mathenoli_vidaloka@hotmail.com                    ',NULL,3134400,'34110333',NULL,NULL,'MATHEUS HENRIQUE DE OLIVEIRA  ','ELIZABETE NOGUEIRA DA COSTA   ',NULL,'SSC000000001086',NULL,'AV MATO GROSSO                ','783',NULL,'MG',245,165,NULL,1),(122,'CENTRO         ','TITULAR',NULL,NULL,NULL,NULL,NULL,NULL,'PAI',NULL,'Feminino','I',NULL,NULL,'75820000','SERRANOPOLIS   ',NULL,NULL,'057946','55631894149','64',NULL,NULL,NULL,NULL,NULL,NULL,'2014-02-23 13:17:52','ecastrodesouza@gmail.com                          ',NULL,5220504,'36681849',NULL,NULL,'ELIENE CASTRO DE SOUZA        ','JAQUELINE SERPA LIRA          ',NULL,'SSC000000001094',NULL,'RUA JOAQUIM MANECO            ','19',NULL,'GO',246,166,NULL,1),(123,'MONDUBIM       ','TITULAR',NULL,NULL,NULL,NULL,NULL,NULL,'PAI',NULL,'Masculino','I',NULL,NULL,'60763376','FORTALEZA      ',NULL,NULL,'057946','63133725300','85',NULL,NULL,NULL,NULL,NULL,NULL,'2014-02-23 13:17:52','SD_BRITOFILHO@HOTMAIL.COM                         ',NULL,2304400,'34735744',NULL,NULL,'FRANCISCO BRITO SILVA FILHO   ','MARIA ELIZETE F DE OLIVEIRA   ',NULL,'SSC000000001101',NULL,'RUA MONTE LIBANO              ','493',NULL,'CE',247,167,NULL,1),(124,'MANUEL SATIRO  ','TITULAR',NULL,NULL,NULL,NULL,NULL,NULL,'PAI',NULL,'Masculino','I',NULL,NULL,'60713200','FORTALEZA      ',NULL,NULL,'057946','60102211370','85',NULL,NULL,NULL,NULL,NULL,NULL,'2014-02-23 13:17:53','thiagotrader@hotmail.com',NULL,2304400,'86133218',NULL,NULL,'JANUARIO ALVES DE LIMA        ','CLAUDIA RODRIGUES DE OLIVEIRA ',NULL,'SSC000000001119',NULL,'R ALBANO AMARAL BL A AP I     ','242',NULL,'CE',248,168,NULL,1),(125,'PIMENTAIS      ','TITULAR',NULL,NULL,NULL,NULL,NULL,NULL,'PAI',NULL,'Masculino','I',NULL,NULL,'13940000','AGUAS D LINDOIA',NULL,NULL,'057946','27802625831','19',NULL,NULL,NULL,NULL,NULL,NULL,'2014-02-23 13:19:44','thiagotrader@hotmail.com',NULL,3500501,'38247421',NULL,NULL,'GILMAR PIRES CARDOSO          ','SANDRA MARIA RODRIGUES COSTA  ',NULL,'SSC000000001127',NULL,'R JOAO SOUSA CARVALHO         ','363',NULL,'SP',249,169,NULL,1),(126,'PASSARE        ','TITULAR',NULL,NULL,NULL,NULL,NULL,NULL,'PAI',NULL,'Masculino','I',NULL,NULL,'60743770','FORTALEZA      ',NULL,NULL,'057946','70168229315','85',NULL,NULL,NULL,NULL,NULL,NULL,'2014-02-23 13:20:45','thiagotrader@hotmail.com',NULL,2304400,'88525011',NULL,NULL,'ROGERIO DE ANDRADE MACHADO    ','MARIA ANGELITA PEREIRA ALVES  ',NULL,'SSC000000001135',NULL,'AV PRUDENTE BRASIL  ','633',NULL,'CE',250,170,NULL,1),(127,'CENTRO         ','TITULAR',NULL,NULL,NULL,NULL,NULL,NULL,'PAI',NULL,'Masculino','I',NULL,NULL,'38280970','ITURAMA        ',NULL,NULL,'057946',' 5908650137','34',NULL,NULL,NULL,NULL,NULL,NULL,'2014-02-23 13:20:45','mathenoli_vidaloka@hotmail.com                    ',NULL,3134400,'34110333',NULL,NULL,'MATHEUS HENRIQUE DE OLIVEIRA  ','ELIZABETE NOGUEIRA DA COSTA   ',NULL,'SSC000000001143',NULL,'AV MATO GROSSO                ','783',NULL,'MG',251,171,NULL,1),(128,'CENTRO         ','TITULAR',NULL,NULL,NULL,NULL,NULL,NULL,'PAI',NULL,'Feminino','I',NULL,NULL,'75820000','SERRANOPOLIS   ',NULL,NULL,'057946','55631894149','64',NULL,NULL,NULL,NULL,NULL,NULL,'2014-02-23 13:21:11','ecastrodesouza@gmail.com                          ',NULL,5220504,'36681849',NULL,NULL,'ELIENE CASTRO DE SOUZA        ','JAQUELINE SERPA LIRA          ',NULL,'SSC000000001151',NULL,'RUA JOAQUIM MANECO            ','19',NULL,'GO',252,172,NULL,1),(129,'MONDUBIM       ','TITULAR',NULL,NULL,NULL,NULL,NULL,NULL,'PAI',NULL,'Masculino','I',NULL,NULL,'60763376','FORTALEZA      ',NULL,NULL,'057946','63133725300','85',NULL,NULL,NULL,NULL,NULL,NULL,'2014-02-23 13:21:12','SD_BRITOFILHO@HOTMAIL.COM                         ',NULL,2304400,'34735744',NULL,NULL,'FRANCISCO BRITO SILVA FILHO   ','MARIA ELIZETE F DE OLIVEIRA   ',NULL,'SSC000000001169',NULL,'RUA MONTE LIBANO              ','493',NULL,'CE',253,173,NULL,1),(130,'MANUEL SATIRO  ','TITULAR',NULL,NULL,NULL,NULL,NULL,NULL,'PAI',NULL,'Masculino','I',NULL,NULL,'60713200','FORTALEZA      ',NULL,NULL,'057946','60102211370','85',NULL,NULL,NULL,NULL,NULL,NULL,'2014-02-23 13:21:12','thiagotrader@hotmail.com',NULL,2304400,'86133218',NULL,NULL,'JANUARIO ALVES DE LIMA        ','CLAUDIA RODRIGUES DE OLIVEIRA ',NULL,'SSC000000001177',NULL,'R ALBANO AMARAL BL A AP I     ','242',NULL,'CE',254,174,NULL,1),(131,'PIMENTAIS      ','TITULAR',NULL,NULL,NULL,NULL,NULL,NULL,'PAI',NULL,'Masculino','I',NULL,NULL,'13940000','AGUAS D LINDOIA',NULL,NULL,'057946','27802625831','19',NULL,NULL,NULL,NULL,NULL,NULL,'2014-02-23 13:21:47','thiagotrader@hotmail.com',NULL,3500501,'38247421',NULL,NULL,'GILMAR PIRES CARDOSO          ','SANDRA MARIA RODRIGUES COSTA  ',NULL,'SSC000000001185',NULL,'R JOAO SOUSA CARVALHO         ','363',NULL,'SP',255,175,NULL,1),(132,'PIMENTAIS      ','TITULAR',NULL,NULL,NULL,NULL,NULL,NULL,'PAI',NULL,'Masculino','I',NULL,NULL,'13940000','AGUAS D LINDOIA',NULL,NULL,'057946','27802625831','19',NULL,NULL,NULL,NULL,NULL,NULL,'2014-02-23 13:34:39','thiagotrader@hotmail.com',NULL,3500501,'38247421',NULL,NULL,'GILMAR PIRES CARDOSO          ','SANDRA MARIA RODRIGUES COSTA  ',NULL,'SSC000000001193',NULL,'R JOAO SOUSA CARVALHO         ','363',NULL,'SP',256,176,NULL,1),(133,'PASSARE        ','TITULAR',NULL,NULL,NULL,NULL,NULL,NULL,'PAI',NULL,'Masculino','I',NULL,NULL,'60743770','FORTALEZA      ',NULL,NULL,'057946','70168229315','85',NULL,NULL,NULL,NULL,NULL,NULL,'2014-02-23 13:35:07','thiagotrader@hotmail.com',NULL,2304400,'88525011',NULL,NULL,'ROGERIO DE ANDRADE MACHADO    ','MARIA ANGELITA PEREIRA ALVES  ',NULL,'SSC000000001200',NULL,'AV PRUDENTE BRASIL  ','633',NULL,'CE',257,177,NULL,1),(134,'CENTRO         ','TITULAR',NULL,NULL,NULL,NULL,NULL,NULL,'PAI',NULL,'Masculino','I',NULL,NULL,'38280970','ITURAMA        ',NULL,NULL,'057946',' 5908650137','34',NULL,NULL,NULL,NULL,NULL,NULL,'2014-02-23 13:35:07','mathenoli_vidaloka@hotmail.com                    ',NULL,3134400,'34110333',NULL,NULL,'MATHEUS HENRIQUE DE OLIVEIRA  ','ELIZABETE NOGUEIRA DA COSTA   ',NULL,'SSC000000001218',NULL,'AV MATO GROSSO                ','783',NULL,'MG',258,178,NULL,1),(135,'CENTRO         ','TITULAR',NULL,NULL,NULL,NULL,NULL,NULL,'PAI',NULL,'Feminino','I',NULL,NULL,'75820000','SERRANOPOLIS   ',NULL,NULL,'057946','55631894149','64',NULL,NULL,NULL,NULL,NULL,NULL,'2014-02-23 13:35:14','ecastrodesouza@gmail.com                          ',NULL,5220504,'36681849',NULL,NULL,'ELIENE CASTRO DE SOUZA        ','JAQUELINE SERPA LIRA          ',NULL,'SSC000000001226',NULL,'RUA JOAQUIM MANECO            ','19',NULL,'GO',259,179,NULL,1),(136,'MONDUBIM       ','TITULAR',NULL,NULL,NULL,NULL,NULL,NULL,'PAI',NULL,'Masculino','I',NULL,NULL,'60763376','FORTALEZA      ',NULL,NULL,'057946','63133725300','85',NULL,NULL,NULL,NULL,NULL,NULL,'2014-02-23 13:35:14','SD_BRITOFILHO@HOTMAIL.COM                         ',NULL,2304400,'34735744',NULL,NULL,'FRANCISCO BRITO SILVA FILHO   ','MARIA ELIZETE F DE OLIVEIRA   ',NULL,'SSC000000001234',NULL,'RUA MONTE LIBANO              ','493',NULL,'CE',260,180,NULL,1),(137,'PIMENTAIS      ','TITULAR',NULL,NULL,NULL,NULL,NULL,NULL,'PAI',NULL,'Masculino','I',NULL,NULL,'13940000','AGUAS D LINDOIA',NULL,NULL,'057946','27802625831','19',NULL,NULL,NULL,NULL,NULL,NULL,'2014-02-23 13:37:23','thiagotrader@hotmail.com',NULL,3500501,'38247421',NULL,NULL,'GILMAR PIRES CARDOSO          ','SANDRA MARIA RODRIGUES COSTA  ',NULL,'SSC000000001242',NULL,'R JOAO SOUSA CARVALHO         ','363',NULL,'SP',261,181,NULL,1),(138,'PIMENTAIS      ','TITULAR',NULL,NULL,NULL,NULL,NULL,NULL,'PAI',NULL,'Masculino','I',NULL,NULL,'13940000','AGUAS D LINDOIA',NULL,NULL,'057946','27802625831','19',NULL,NULL,NULL,NULL,NULL,NULL,'2014-02-23 13:39:26','thiagotrader@hotmail.com',NULL,3500501,'38247421',NULL,NULL,'GILMAR PIRES CARDOSO          ','SANDRA MARIA RODRIGUES COSTA  ',NULL,'SSC000000001250',NULL,'R JOAO SOUSA CARVALHO         ','363',NULL,'SP',262,182,NULL,1),(139,'PIMENTAIS      ','TITULAR',NULL,NULL,NULL,NULL,NULL,NULL,'PAI',NULL,'Masculino','I',NULL,NULL,'13940000','AGUAS D LINDOIA',NULL,NULL,'057946','27802625831','19',NULL,NULL,NULL,NULL,NULL,NULL,'2014-02-23 13:44:19','thiagotrader@hotmail.com',NULL,3500501,'38247421',NULL,NULL,'GILMAR PIRES CARDOSO          ','SANDRA MARIA RODRIGUES COSTA  ',NULL,'SSC000000001268',NULL,'R JOAO SOUSA CARVALHO         ','363',NULL,'SP',263,183,NULL,1),(140,'PASSARE        ','TITULAR',NULL,NULL,NULL,NULL,NULL,NULL,'PAI',NULL,'Masculino','I',NULL,NULL,'60743770','FORTALEZA      ',NULL,NULL,'057946','70168229315','85',NULL,NULL,NULL,NULL,NULL,NULL,'2014-02-23 13:44:37','thiagotrader@hotmail.com',NULL,2304400,'88525011',NULL,NULL,'ROGERIO DE ANDRADE MACHADO    ','MARIA ANGELITA PEREIRA ALVES  ',NULL,'SSC000000001276',NULL,'AV PRUDENTE BRASIL  ','633',NULL,'CE',264,184,NULL,1),(141,'CENTRO         ','TITULAR',NULL,NULL,NULL,NULL,NULL,NULL,'PAI',NULL,'Masculino','I',NULL,NULL,'38280970','ITURAMA        ',NULL,NULL,'057946',' 5908650137','34',NULL,NULL,NULL,NULL,NULL,NULL,'2014-02-23 13:44:37','mathenoli_vidaloka@hotmail.com                    ',NULL,3134400,'34110333',NULL,NULL,'MATHEUS HENRIQUE DE OLIVEIRA  ','ELIZABETE NOGUEIRA DA COSTA   ',NULL,'SSC000000001284',NULL,'AV MATO GROSSO                ','783',NULL,'MG',265,185,NULL,1),(142,'CENTRO         ','TITULAR',NULL,NULL,NULL,NULL,NULL,NULL,'PAI',NULL,'Feminino','I',NULL,NULL,'75820000','SERRANOPOLIS   ',NULL,NULL,'057946','55631894149','64',NULL,NULL,NULL,NULL,NULL,NULL,'2014-02-23 13:44:38','ecastrodesouza@gmail.com                          ',NULL,5220504,'36681849',NULL,NULL,'ELIENE CASTRO DE SOUZA        ','JAQUELINE SERPA LIRA          ',NULL,'SSC000000001292',NULL,'RUA JOAQUIM MANECO            ','19',NULL,'GO',266,186,NULL,1),(143,'MONDUBIM       ','TITULAR',NULL,NULL,NULL,NULL,NULL,NULL,'PAI',NULL,'Masculino','I',NULL,NULL,'60763376','FORTALEZA      ',NULL,NULL,'057946','63133725300','85',NULL,NULL,NULL,NULL,NULL,NULL,'2014-02-23 13:44:38','SD_BRITOFILHO@HOTMAIL.COM                         ',NULL,2304400,'34735744',NULL,NULL,'FRANCISCO BRITO SILVA FILHO   ','MARIA ELIZETE F DE OLIVEIRA   ',NULL,'SSC000000001309',NULL,'RUA MONTE LIBANO              ','493',NULL,'CE',267,187,NULL,1),(144,'MANUEL SATIRO  ','TITULAR',NULL,NULL,NULL,NULL,NULL,NULL,'PAI',NULL,'Masculino','I',NULL,NULL,'60713200','FORTALEZA      ',NULL,NULL,'057946','60102211370','85',NULL,NULL,NULL,NULL,NULL,NULL,'2014-02-23 13:44:38','thiagotrader@hotmail.com',NULL,2304400,'86133218',NULL,NULL,'JANUARIO ALVES DE LIMA        ','CLAUDIA RODRIGUES DE OLIVEIRA ',NULL,'SSC000000001317',NULL,'R ALBANO AMARAL BL A AP I     ','242',NULL,'CE',268,188,NULL,1),(145,'PIMENTAIS      ','TITULAR',NULL,NULL,NULL,NULL,NULL,NULL,'PAI',NULL,'Masculino','I',NULL,NULL,'13940000','AGUAS D LINDOIA',NULL,NULL,'057946','27802625831','19',NULL,NULL,NULL,NULL,NULL,NULL,'2014-02-23 13:45:38','thiagotrader@hotmail.com',NULL,3500501,'38247421',NULL,NULL,'GILMAR PIRES CARDOSO          ','SANDRA MARIA RODRIGUES COSTA  ',NULL,'SSC000000001325',NULL,'R JOAO SOUSA CARVALHO         ','363',NULL,'SP',269,189,NULL,1),(146,'PIMENTAIS      ','TITULAR',NULL,NULL,NULL,NULL,NULL,NULL,'PAI',NULL,'Masculino','I',NULL,NULL,'13940000','AGUAS D LINDOIA',NULL,NULL,'057946','27802625831','19',NULL,NULL,NULL,NULL,NULL,NULL,'2014-02-23 13:48:34','thiagotrader@hotmail.com',NULL,3500501,'38247421',NULL,NULL,'GILMAR PIRES CARDOSO          ','SANDRA MARIA RODRIGUES COSTA  ',NULL,'SSC000000001333',NULL,'R JOAO SOUSA CARVALHO         ','363',NULL,'SP',270,190,NULL,1),(147,'PASSARE        ','TITULAR',NULL,NULL,NULL,NULL,NULL,NULL,'PAI',NULL,'Masculino','I',NULL,NULL,'60743770','FORTALEZA      ',NULL,NULL,'057946','70168229315','85',NULL,NULL,NULL,NULL,NULL,NULL,'2014-02-23 13:49:34','thiagotrader@hotmail.com',NULL,2304400,'88525011',NULL,NULL,'ROGERIO DE ANDRADE MACHADO    ','MARIA ANGELITA PEREIRA ALVES  ',NULL,'SSC000000001341',NULL,'AV PRUDENTE BRASIL  ','633',NULL,'CE',271,191,NULL,1),(148,'CENTRO         ','TITULAR',NULL,NULL,NULL,NULL,NULL,NULL,'PAI',NULL,'Masculino','I',NULL,NULL,'38280970','ITURAMA        ',NULL,NULL,'057946',' 5908650137','34',NULL,NULL,NULL,NULL,NULL,NULL,'2014-02-23 13:49:34','mathenoli_vidaloka@hotmail.com                    ',NULL,3134400,'34110333',NULL,NULL,'MATHEUS HENRIQUE DE OLIVEIRA  ','ELIZABETE NOGUEIRA DA COSTA   ',NULL,'SSC000000001359',NULL,'AV MATO GROSSO                ','783',NULL,'MG',272,192,NULL,1),(149,'CENTRO         ','TITULAR',NULL,NULL,NULL,NULL,NULL,NULL,'PAI',NULL,'Feminino','I',NULL,NULL,'75820000','SERRANOPOLIS   ',NULL,NULL,'057946','55631894149','64',NULL,NULL,NULL,NULL,NULL,NULL,'2014-02-23 13:50:11','ecastrodesouza@gmail.com                          ',NULL,5220504,'36681849',NULL,NULL,'ELIENE CASTRO DE SOUZA        ','JAQUELINE SERPA LIRA          ',NULL,'SSC000000001367',NULL,'RUA JOAQUIM MANECO            ','19',NULL,'GO',273,193,NULL,1),(150,'MONDUBIM       ','TITULAR',NULL,NULL,NULL,NULL,NULL,NULL,'PAI',NULL,'Masculino','I',NULL,NULL,'60763376','FORTALEZA      ',NULL,NULL,'057946','63133725300','85',NULL,NULL,NULL,NULL,NULL,NULL,'2014-02-23 13:50:12','SD_BRITOFILHO@HOTMAIL.COM                         ',NULL,2304400,'34735744',NULL,NULL,'FRANCISCO BRITO SILVA FILHO   ','MARIA ELIZETE F DE OLIVEIRA   ',NULL,'SSC000000001375',NULL,'RUA MONTE LIBANO              ','493',NULL,'CE',274,194,NULL,1),(151,'MANUEL SATIRO  ','TITULAR',NULL,NULL,NULL,NULL,NULL,NULL,'PAI',NULL,'Masculino','I',NULL,NULL,'60713200','FORTALEZA      ',NULL,NULL,'057946','60102211370','85',NULL,NULL,NULL,NULL,NULL,NULL,'2014-02-23 13:52:06','thiagotrader@hotmail.com',NULL,2304400,'86133218',NULL,NULL,'JANUARIO ALVES DE LIMA        ','CLAUDIA RODRIGUES DE OLIVEIRA ',NULL,'SSC000000001383',NULL,'R ALBANO AMARAL BL A AP I     ','242',NULL,'CE',275,195,NULL,1);
/*!40000 ALTER TABLE `recebido_sou_super_seguro` ENABLE KEYS */;
UNLOCK TABLES;

--
-- Table structure for table `recebido_sou_super_seguro_cobranca`
--

DROP TABLE IF EXISTS `recebido_sou_super_seguro_cobranca`;
/*!40101 SET @saved_cs_client     = @@character_set_client */;
/*!40101 SET character_set_client = utf8 */;
CREATE TABLE `recebido_sou_super_seguro_cobranca` (
  `id` bigint(20) NOT NULL AUTO_INCREMENT,
  `bairro_cobr` varchar(30) CHARACTER SET utf8 NOT NULL,
  `c_fone1` varchar(20) CHARACTER SET utf8 DEFAULT NULL,
  `c_fone2` varchar(20) CHARACTER SET utf8 DEFAULT NULL,
  `c_fone3` varchar(20) CHARACTER SET utf8 DEFAULT NULL,
  `cep_cobr` varchar(8) CHARACTER SET utf8 NOT NULL,
  `cidade_cobr` varchar(30) CHARACTER SET utf8 NOT NULL,
  `comp_cobr` varchar(15) CHARACTER SET utf8 DEFAULT NULL,
  `cpf_cobr` varchar(11) CHARACTER SET utf8 NOT NULL,
  `d_fone1` varchar(3) CHARACTER SET utf8 NOT NULL,
  `d_fone2` varchar(3) CHARACTER SET utf8 DEFAULT NULL,
  `d_fone3` varchar(3) CHARACTER SET utf8 DEFAULT NULL,
  `data_inicio_cobr` datetime DEFAULT NULL,
  `dia_venc` datetime DEFAULT NULL,
  `dt_nasc_cobr` datetime NOT NULL,
  `email` varchar(50) CHARACTER SET utf8 DEFAULT NULL,
  `id_cidade_cobr` bigint(20) DEFAULT NULL,
  `n_fone1` varchar(15) CHARACTER SET utf8 NOT NULL,
  `n_fone2` varchar(15) CHARACTER SET utf8 DEFAULT NULL,
  `n_fone3` varchar(15) CHARACTER SET utf8 DEFAULT NULL,
  `nm_cobr` varchar(70) CHARACTER SET utf8 NOT NULL,
  `r_lograd_cobr` varchar(50) CHARACTER SET utf8 NOT NULL,
  `r_numero_cobr` varchar(10) CHARACTER SET utf8 NOT NULL,
  `uf_cobr` varchar(2) CHARACTER SET utf8 NOT NULL,
  PRIMARY KEY (`id`)
) ENGINE=InnoDB AUTO_INCREMENT=276 DEFAULT CHARSET=latin1;
/*!40101 SET character_set_client = @saved_cs_client */;

--
-- Dumping data for table `recebido_sou_super_seguro_cobranca`
--

LOCK TABLES `recebido_sou_super_seguro_cobranca` WRITE;
/*!40000 ALTER TABLE `recebido_sou_super_seguro_cobranca` DISABLE KEYS */;
INSERT INTO `recebido_sou_super_seguro_cobranca` VALUES (219,'PASSARE        ',NULL,NULL,NULL,'60743770','FORTALEZA      ',NULL,'70168229315','85',NULL,NULL,'2014-02-14 01:55:39',NULL,'2014-02-14 01:55:39','thiagotrader@hotmail.com',2304400,'88525011',NULL,NULL,'ROGERIO DE ANDRADE MACHADO    ','AV PRUDENTE BRASIL  ','633','CE'),(220,'CENTRO         ',NULL,NULL,NULL,'38280970','ITURAMA        ',NULL,' 5908650137','34',NULL,NULL,'2014-02-14 01:55:39',NULL,'2014-02-14 01:55:39','mathenoli_vidaloka@hotmail.com                    ',3134400,'34110333',NULL,NULL,'MATHEUS HENRIQUE DE OLIVEIRA  ','AV MATO GROSSO                ','783','MG'),(221,'CENTRO         ',NULL,NULL,NULL,'75820000','SERRANOPOLIS   ',NULL,'55631894149','64',NULL,NULL,'2014-02-14 01:55:39',NULL,'2014-02-14 01:55:39','ecastrodesouza@gmail.com                          ',5220504,'36681849',NULL,NULL,'ELIENE CASTRO DE SOUZA        ','RUA JOAQUIM MANECO            ','19','GO'),(222,'MONDUBIM       ',NULL,NULL,NULL,'60763376','FORTALEZA      ',NULL,'63133725300','85',NULL,NULL,'2014-02-14 01:55:40',NULL,'2014-02-14 01:55:40','SD_BRITOFILHO@HOTMAIL.COM                         ',2304400,'34735744',NULL,NULL,'FRANCISCO BRITO SILVA FILHO   ','RUA MONTE LIBANO              ','493','CE'),(223,'MANUEL SATIRO  ',NULL,NULL,NULL,'60713200','FORTALEZA      ',NULL,'60102211370','85',NULL,NULL,'2014-02-14 01:55:40',NULL,'2014-02-14 01:55:40','thiagotrader@hotmail.com',2304400,'86133218',NULL,NULL,'JANUARIO ALVES DE LIMA        ','R ALBANO AMARAL BL A AP I     ','242','CE'),(224,'PIMENTAIS      ',NULL,NULL,NULL,'13940000','AGUAS D LINDOIA',NULL,'27802625831','19',NULL,NULL,'2014-02-14 01:57:21',NULL,'2014-02-14 01:57:21','thiagotrader@hotmail.com',3500501,'38247421',NULL,NULL,'GILMAR PIRES CARDOSO          ','R JOAO SOUSA CARVALHO         ','363','SP'),(225,'PASSARE        ',NULL,NULL,NULL,'60743770','FORTALEZA      ',NULL,'70168229315','85',NULL,NULL,'2014-02-14 01:58:19',NULL,'2014-02-14 01:58:19','thiagotrader@hotmail.com',2304400,'88525011',NULL,NULL,'ROGERIO DE ANDRADE MACHADO    ','AV PRUDENTE BRASIL  ','633','CE'),(226,'PIMENTAIS      ',NULL,NULL,NULL,'13940000','AGUAS D LINDOIA',NULL,'27802625831','19',NULL,NULL,'2014-02-14 02:04:09',NULL,'2014-02-14 02:04:09','thiagotrader@hotmail.com',3500501,'38247421',NULL,NULL,'GILMAR PIRES CARDOSO          ','R JOAO SOUSA CARVALHO         ','363','SP'),(227,'PASSARE        ',NULL,NULL,NULL,'60743770','FORTALEZA      ',NULL,'70168229315','85',NULL,NULL,'2014-02-14 02:05:06',NULL,'2014-02-14 02:05:06','thiagotrader@hotmail.com',2304400,'88525011',NULL,NULL,'ROGERIO DE ANDRADE MACHADO    ','AV PRUDENTE BRASIL  ','633','CE'),(228,'CENTRO         ',NULL,NULL,NULL,'38280970','ITURAMA        ',NULL,' 5908650137','34',NULL,NULL,'2014-02-14 02:06:49',NULL,'2014-02-14 02:06:49','mathenoli_vidaloka@hotmail.com                    ',3134400,'34110333',NULL,NULL,'MATHEUS HENRIQUE DE OLIVEIRA  ','AV MATO GROSSO                ','783','MG'),(229,'CENTRO         ',NULL,NULL,NULL,'75820000','SERRANOPOLIS   ',NULL,'55631894149','64',NULL,NULL,'2014-02-14 02:07:07',NULL,'2014-02-14 02:07:07','ecastrodesouza@gmail.com                          ',5220504,'36681849',NULL,NULL,'ELIENE CASTRO DE SOUZA        ','RUA JOAQUIM MANECO            ','19','GO'),(230,'PIMENTAIS      ',NULL,NULL,NULL,'13940000','AGUAS D LINDOIA',NULL,'27802625831','19',NULL,NULL,'2014-02-14 02:10:54',NULL,'2014-02-14 02:10:54','thiagotrader@hotmail.com',3500501,'38247421',NULL,NULL,'GILMAR PIRES CARDOSO          ','R JOAO SOUSA CARVALHO         ','363','SP'),(231,'PIMENTAIS      ',NULL,NULL,NULL,'13940000','AGUAS D LINDOIA',NULL,'27802625831','19',NULL,NULL,'2014-02-14 02:11:42',NULL,'2014-02-14 02:11:42','thiagotrader@hotmail.com',3500501,'38247421',NULL,NULL,'GILMAR PIRES CARDOSO          ','R JOAO SOUSA CARVALHO         ','363','SP'),(232,'PASSARE        ',NULL,NULL,NULL,'60743770','FORTALEZA      ',NULL,'70168229315','85',NULL,NULL,'2014-02-14 02:12:13',NULL,'2014-02-14 02:12:13','thiagotrader@hotmail.com',2304400,'88525011',NULL,NULL,'ROGERIO DE ANDRADE MACHADO    ','AV PRUDENTE BRASIL  ','633','CE'),(233,'CENTRO         ',NULL,NULL,NULL,'38280970','ITURAMA        ',NULL,' 5908650137','34',NULL,NULL,'2014-02-14 02:13:37',NULL,'2014-02-14 02:13:37','mathenoli_vidaloka@hotmail.com                    ',3134400,'34110333',NULL,NULL,'MATHEUS HENRIQUE DE OLIVEIRA  ','AV MATO GROSSO                ','783','MG'),(234,'CENTRO         ',NULL,NULL,NULL,'75820000','SERRANOPOLIS   ',NULL,'55631894149','64',NULL,NULL,'2014-02-14 02:13:38',NULL,'2014-02-14 02:13:38','ecastrodesouza@gmail.com                          ',5220504,'36681849',NULL,NULL,'ELIENE CASTRO DE SOUZA        ','RUA JOAQUIM MANECO            ','19','GO'),(235,'MONDUBIM       ',NULL,NULL,NULL,'60763376','FORTALEZA      ',NULL,'63133725300','85',NULL,NULL,'2014-02-14 02:13:39',NULL,'2014-02-14 02:13:39','SD_BRITOFILHO@HOTMAIL.COM                         ',2304400,'34735744',NULL,NULL,'FRANCISCO BRITO SILVA FILHO   ','RUA MONTE LIBANO              ','493','CE'),(236,'MANUEL SATIRO  ',NULL,NULL,NULL,'60713200','FORTALEZA      ',NULL,'60102211370','85',NULL,NULL,'2014-02-14 02:13:40',NULL,'2014-02-14 02:13:40','thiagotrader@hotmail.com',2304400,'86133218',NULL,NULL,'JANUARIO ALVES DE LIMA        ','R ALBANO AMARAL BL A AP I     ','242','CE'),(237,'PIMENTAIS      ',NULL,NULL,NULL,'13940000','AGUAS D LINDOIA',NULL,'27802625831','19',NULL,NULL,'2014-02-14 02:15:54',NULL,'2014-02-14 02:15:54','thiagotrader@hotmail.com',3500501,'38247421',NULL,NULL,'GILMAR PIRES CARDOSO          ','R JOAO SOUSA CARVALHO         ','363','SP'),(238,'PASSARE        ',NULL,NULL,NULL,'60743770','FORTALEZA      ',NULL,'70168229315','85',NULL,NULL,'2014-02-14 02:15:58',NULL,'2014-02-14 02:15:58','thiagotrader@hotmail.com',2304400,'88525011',NULL,NULL,'ROGERIO DE ANDRADE MACHADO    ','AV PRUDENTE BRASIL  ','633','CE'),(239,'CENTRO         ',NULL,NULL,NULL,'38280970','ITURAMA        ',NULL,' 5908650137','34',NULL,NULL,'2014-02-14 02:16:42',NULL,'2014-02-14 02:16:42','mathenoli_vidaloka@hotmail.com                    ',3134400,'34110333',NULL,NULL,'MATHEUS HENRIQUE DE OLIVEIRA  ','AV MATO GROSSO                ','783','MG'),(240,'CENTRO         ',NULL,NULL,NULL,'75820000','SERRANOPOLIS   ',NULL,'55631894149','64',NULL,NULL,'2014-02-14 02:17:20',NULL,'2014-02-14 02:17:20','ecastrodesouza@gmail.com                          ',5220504,'36681849',NULL,NULL,'ELIENE CASTRO DE SOUZA        ','RUA JOAQUIM MANECO            ','19','GO'),(241,'MONDUBIM       ',NULL,NULL,NULL,'60763376','FORTALEZA      ',NULL,'63133725300','85',NULL,NULL,'2014-02-14 02:17:22',NULL,'2014-02-14 02:17:22','SD_BRITOFILHO@HOTMAIL.COM                         ',2304400,'34735744',NULL,NULL,'FRANCISCO BRITO SILVA FILHO   ','RUA MONTE LIBANO              ','493','CE'),(242,'MANUEL SATIRO  ',NULL,NULL,NULL,'60713200','FORTALEZA      ',NULL,'60102211370','85',NULL,NULL,'2014-02-14 02:17:23',NULL,'2014-02-14 02:17:23','thiagotrader@hotmail.com',2304400,'86133218',NULL,NULL,'JANUARIO ALVES DE LIMA        ','R ALBANO AMARAL BL A AP I     ','242','CE'),(243,'PIMENTAIS      ',NULL,NULL,NULL,'13940000','AGUAS D LINDOIA',NULL,'27802625831','19',NULL,NULL,'2014-02-23 13:16:46',NULL,'2014-02-23 13:16:46','thiagotrader@hotmail.com',3500501,'38247421',NULL,NULL,'GILMAR PIRES CARDOSO          ','R JOAO SOUSA CARVALHO         ','363','SP'),(244,'PASSARE        ',NULL,NULL,NULL,'60743770','FORTALEZA      ',NULL,'70168229315','85',NULL,NULL,'2014-02-23 13:16:48',NULL,'2014-02-23 13:16:48','thiagotrader@hotmail.com',2304400,'88525011',NULL,NULL,'ROGERIO DE ANDRADE MACHADO    ','AV PRUDENTE BRASIL  ','633','CE'),(245,'CENTRO         ',NULL,NULL,NULL,'38280970','ITURAMA        ',NULL,' 5908650137','34',NULL,NULL,'2014-02-23 13:16:58',NULL,'2014-02-23 13:16:58','mathenoli_vidaloka@hotmail.com                    ',3134400,'34110333',NULL,NULL,'MATHEUS HENRIQUE DE OLIVEIRA  ','AV MATO GROSSO                ','783','MG'),(246,'CENTRO         ',NULL,NULL,NULL,'75820000','SERRANOPOLIS   ',NULL,'55631894149','64',NULL,NULL,'2014-02-23 13:17:52',NULL,'2014-02-23 13:17:52','ecastrodesouza@gmail.com                          ',5220504,'36681849',NULL,NULL,'ELIENE CASTRO DE SOUZA        ','RUA JOAQUIM MANECO            ','19','GO'),(247,'MONDUBIM       ',NULL,NULL,NULL,'60763376','FORTALEZA      ',NULL,'63133725300','85',NULL,NULL,'2014-02-23 13:17:52',NULL,'2014-02-23 13:17:52','SD_BRITOFILHO@HOTMAIL.COM                         ',2304400,'34735744',NULL,NULL,'FRANCISCO BRITO SILVA FILHO   ','RUA MONTE LIBANO              ','493','CE'),(248,'MANUEL SATIRO  ',NULL,NULL,NULL,'60713200','FORTALEZA      ',NULL,'60102211370','85',NULL,NULL,'2014-02-23 13:17:53',NULL,'2014-02-23 13:17:53','thiagotrader@hotmail.com',2304400,'86133218',NULL,NULL,'JANUARIO ALVES DE LIMA        ','R ALBANO AMARAL BL A AP I     ','242','CE'),(249,'PIMENTAIS      ',NULL,NULL,NULL,'13940000','AGUAS D LINDOIA',NULL,'27802625831','19',NULL,NULL,'2014-02-23 13:19:44',NULL,'2014-02-23 13:19:44','thiagotrader@hotmail.com',3500501,'38247421',NULL,NULL,'GILMAR PIRES CARDOSO          ','R JOAO SOUSA CARVALHO         ','363','SP'),(250,'PASSARE        ',NULL,NULL,NULL,'60743770','FORTALEZA      ',NULL,'70168229315','85',NULL,NULL,'2014-02-23 13:20:45',NULL,'2014-02-23 13:20:45','thiagotrader@hotmail.com',2304400,'88525011',NULL,NULL,'ROGERIO DE ANDRADE MACHADO    ','AV PRUDENTE BRASIL  ','633','CE'),(251,'CENTRO         ',NULL,NULL,NULL,'38280970','ITURAMA        ',NULL,' 5908650137','34',NULL,NULL,'2014-02-23 13:20:45',NULL,'2014-02-23 13:20:45','mathenoli_vidaloka@hotmail.com                    ',3134400,'34110333',NULL,NULL,'MATHEUS HENRIQUE DE OLIVEIRA  ','AV MATO GROSSO                ','783','MG'),(252,'CENTRO         ',NULL,NULL,NULL,'75820000','SERRANOPOLIS   ',NULL,'55631894149','64',NULL,NULL,'2014-02-23 13:21:11',NULL,'2014-02-23 13:21:11','ecastrodesouza@gmail.com                          ',5220504,'36681849',NULL,NULL,'ELIENE CASTRO DE SOUZA        ','RUA JOAQUIM MANECO            ','19','GO'),(253,'MONDUBIM       ',NULL,NULL,NULL,'60763376','FORTALEZA      ',NULL,'63133725300','85',NULL,NULL,'2014-02-23 13:21:12',NULL,'2014-02-23 13:21:12','SD_BRITOFILHO@HOTMAIL.COM                         ',2304400,'34735744',NULL,NULL,'FRANCISCO BRITO SILVA FILHO   ','RUA MONTE LIBANO              ','493','CE'),(254,'MANUEL SATIRO  ',NULL,NULL,NULL,'60713200','FORTALEZA      ',NULL,'60102211370','85',NULL,NULL,'2014-02-23 13:21:12',NULL,'2014-02-23 13:21:12','thiagotrader@hotmail.com',2304400,'86133218',NULL,NULL,'JANUARIO ALVES DE LIMA        ','R ALBANO AMARAL BL A AP I     ','242','CE'),(255,'PIMENTAIS      ',NULL,NULL,NULL,'13940000','AGUAS D LINDOIA',NULL,'27802625831','19',NULL,NULL,'2014-02-23 13:21:47',NULL,'2014-02-23 13:21:47','thiagotrader@hotmail.com',3500501,'38247421',NULL,NULL,'GILMAR PIRES CARDOSO          ','R JOAO SOUSA CARVALHO         ','363','SP'),(256,'PIMENTAIS      ',NULL,NULL,NULL,'13940000','AGUAS D LINDOIA',NULL,'27802625831','19',NULL,NULL,'2014-02-23 13:34:39',NULL,'2014-02-23 13:34:39','thiagotrader@hotmail.com',3500501,'38247421',NULL,NULL,'GILMAR PIRES CARDOSO          ','R JOAO SOUSA CARVALHO         ','363','SP'),(257,'PASSARE        ',NULL,NULL,NULL,'60743770','FORTALEZA      ',NULL,'70168229315','85',NULL,NULL,'2014-02-23 13:35:07',NULL,'2014-02-23 13:35:07','thiagotrader@hotmail.com',2304400,'88525011',NULL,NULL,'ROGERIO DE ANDRADE MACHADO    ','AV PRUDENTE BRASIL  ','633','CE'),(258,'CENTRO         ',NULL,NULL,NULL,'38280970','ITURAMA        ',NULL,' 5908650137','34',NULL,NULL,'2014-02-23 13:35:07',NULL,'2014-02-23 13:35:07','mathenoli_vidaloka@hotmail.com                    ',3134400,'34110333',NULL,NULL,'MATHEUS HENRIQUE DE OLIVEIRA  ','AV MATO GROSSO                ','783','MG'),(259,'CENTRO         ',NULL,NULL,NULL,'75820000','SERRANOPOLIS   ',NULL,'55631894149','64',NULL,NULL,'2014-02-23 13:35:14',NULL,'2014-02-23 13:35:14','ecastrodesouza@gmail.com                          ',5220504,'36681849',NULL,NULL,'ELIENE CASTRO DE SOUZA        ','RUA JOAQUIM MANECO            ','19','GO'),(260,'MONDUBIM       ',NULL,NULL,NULL,'60763376','FORTALEZA      ',NULL,'63133725300','85',NULL,NULL,'2014-02-23 13:35:14',NULL,'2014-02-23 13:35:14','SD_BRITOFILHO@HOTMAIL.COM                         ',2304400,'34735744',NULL,NULL,'FRANCISCO BRITO SILVA FILHO   ','RUA MONTE LIBANO              ','493','CE'),(261,'PIMENTAIS      ',NULL,NULL,NULL,'13940000','AGUAS D LINDOIA',NULL,'27802625831','19',NULL,NULL,'2014-02-23 13:37:23',NULL,'2014-02-23 13:37:23','thiagotrader@hotmail.com',3500501,'38247421',NULL,NULL,'GILMAR PIRES CARDOSO          ','R JOAO SOUSA CARVALHO         ','363','SP'),(262,'PIMENTAIS      ',NULL,NULL,NULL,'13940000','AGUAS D LINDOIA',NULL,'27802625831','19',NULL,NULL,'2014-02-23 13:39:26',NULL,'2014-02-23 13:39:26','thiagotrader@hotmail.com',3500501,'38247421',NULL,NULL,'GILMAR PIRES CARDOSO          ','R JOAO SOUSA CARVALHO         ','363','SP'),(263,'PIMENTAIS      ',NULL,NULL,NULL,'13940000','AGUAS D LINDOIA',NULL,'27802625831','19',NULL,NULL,'2014-02-23 13:44:19',NULL,'2014-02-23 13:44:19','thiagotrader@hotmail.com',3500501,'38247421',NULL,NULL,'GILMAR PIRES CARDOSO          ','R JOAO SOUSA CARVALHO         ','363','SP'),(264,'PASSARE        ',NULL,NULL,NULL,'60743770','FORTALEZA      ',NULL,'70168229315','85',NULL,NULL,'2014-02-23 13:44:37',NULL,'2014-02-23 13:44:37','thiagotrader@hotmail.com',2304400,'88525011',NULL,NULL,'ROGERIO DE ANDRADE MACHADO    ','AV PRUDENTE BRASIL  ','633','CE'),(265,'CENTRO         ',NULL,NULL,NULL,'38280970','ITURAMA        ',NULL,' 5908650137','34',NULL,NULL,'2014-02-23 13:44:37',NULL,'2014-02-23 13:44:37','mathenoli_vidaloka@hotmail.com                    ',3134400,'34110333',NULL,NULL,'MATHEUS HENRIQUE DE OLIVEIRA  ','AV MATO GROSSO                ','783','MG'),(266,'CENTRO         ',NULL,NULL,NULL,'75820000','SERRANOPOLIS   ',NULL,'55631894149','64',NULL,NULL,'2014-02-23 13:44:38',NULL,'2014-02-23 13:44:38','ecastrodesouza@gmail.com                          ',5220504,'36681849',NULL,NULL,'ELIENE CASTRO DE SOUZA        ','RUA JOAQUIM MANECO            ','19','GO'),(267,'MONDUBIM       ',NULL,NULL,NULL,'60763376','FORTALEZA      ',NULL,'63133725300','85',NULL,NULL,'2014-02-23 13:44:38',NULL,'2014-02-23 13:44:38','SD_BRITOFILHO@HOTMAIL.COM                         ',2304400,'34735744',NULL,NULL,'FRANCISCO BRITO SILVA FILHO   ','RUA MONTE LIBANO              ','493','CE'),(268,'MANUEL SATIRO  ',NULL,NULL,NULL,'60713200','FORTALEZA      ',NULL,'60102211370','85',NULL,NULL,'2014-02-23 13:44:38',NULL,'2014-02-23 13:44:38','thiagotrader@hotmail.com',2304400,'86133218',NULL,NULL,'JANUARIO ALVES DE LIMA        ','R ALBANO AMARAL BL A AP I     ','242','CE'),(269,'PIMENTAIS      ',NULL,NULL,NULL,'13940000','AGUAS D LINDOIA',NULL,'27802625831','19',NULL,NULL,'2014-02-23 13:45:38',NULL,'2014-02-23 13:45:38','thiagotrader@hotmail.com',3500501,'38247421',NULL,NULL,'GILMAR PIRES CARDOSO          ','R JOAO SOUSA CARVALHO         ','363','SP'),(270,'PIMENTAIS      ',NULL,NULL,NULL,'13940000','AGUAS D LINDOIA',NULL,'27802625831','19',NULL,NULL,'2014-02-23 13:48:34',NULL,'2014-02-23 13:48:34','thiagotrader@hotmail.com',3500501,'38247421',NULL,NULL,'GILMAR PIRES CARDOSO          ','R JOAO SOUSA CARVALHO         ','363','SP'),(271,'PASSARE        ',NULL,NULL,NULL,'60743770','FORTALEZA      ',NULL,'70168229315','85',NULL,NULL,'2014-02-23 13:49:34',NULL,'2014-02-23 13:49:34','thiagotrader@hotmail.com',2304400,'88525011',NULL,NULL,'ROGERIO DE ANDRADE MACHADO    ','AV PRUDENTE BRASIL  ','633','CE'),(272,'CENTRO         ',NULL,NULL,NULL,'38280970','ITURAMA        ',NULL,' 5908650137','34',NULL,NULL,'2014-02-23 13:49:34',NULL,'2014-02-23 13:49:34','mathenoli_vidaloka@hotmail.com                    ',3134400,'34110333',NULL,NULL,'MATHEUS HENRIQUE DE OLIVEIRA  ','AV MATO GROSSO                ','783','MG'),(273,'CENTRO         ',NULL,NULL,NULL,'75820000','SERRANOPOLIS   ',NULL,'55631894149','64',NULL,NULL,'2014-02-23 13:50:11',NULL,'2014-02-23 13:50:11','ecastrodesouza@gmail.com                          ',5220504,'36681849',NULL,NULL,'ELIENE CASTRO DE SOUZA        ','RUA JOAQUIM MANECO            ','19','GO'),(274,'MONDUBIM       ',NULL,NULL,NULL,'60763376','FORTALEZA      ',NULL,'63133725300','85',NULL,NULL,'2014-02-23 13:50:12',NULL,'2014-02-23 13:50:12','SD_BRITOFILHO@HOTMAIL.COM                         ',2304400,'34735744',NULL,NULL,'FRANCISCO BRITO SILVA FILHO   ','RUA MONTE LIBANO              ','493','CE'),(275,'MANUEL SATIRO  ',NULL,NULL,NULL,'60713200','FORTALEZA      ',NULL,'60102211370','85',NULL,NULL,'2014-02-23 13:52:06',NULL,'2014-02-23 13:52:06','thiagotrader@hotmail.com',2304400,'86133218',NULL,NULL,'JANUARIO ALVES DE LIMA        ','R ALBANO AMARAL BL A AP I     ','242','CE');
/*!40000 ALTER TABLE `recebido_sou_super_seguro_cobranca` ENABLE KEYS */;
UNLOCK TABLES;

--
-- Table structure for table `recebido_sou_super_seguro_cobranca_recusada`
--

DROP TABLE IF EXISTS `recebido_sou_super_seguro_cobranca_recusada`;
/*!40101 SET @saved_cs_client     = @@character_set_client */;
/*!40101 SET character_set_client = utf8 */;
CREATE TABLE `recebido_sou_super_seguro_cobranca_recusada` (
  `id` bigint(20) NOT NULL AUTO_INCREMENT,
  `bairro_cobr` text,
  `c_fone1` text,
  `c_fone2` text,
  `c_fone3` text,
  `cep_cobr` text,
  `cidade_cobr` text,
  `n_fone1` text,
  `uf_cobr` text,
  `comp_cobr` text,
  `cpf_cobr` text,
  `d_fone1` text,
  `d_fone2` text,
  `d_fone3` text,
  `data_inicio_cobr` datetime DEFAULT NULL,
  `dia_venc` datetime DEFAULT NULL,
  `dt_nasc_cobr` datetime DEFAULT NULL,
  `email` text,
  `id_cidade_cobr` bigint(20) DEFAULT NULL,
  `n_fone2` text,
  `n_fone3` text,
  `nm_cobr` text,
  `r_lograd_cobr` text,
  `r_numero_cobr` text,
  PRIMARY KEY (`id`)
) ENGINE=InnoDB AUTO_INCREMENT=44 DEFAULT CHARSET=utf8;
/*!40101 SET character_set_client = @saved_cs_client */;

--
-- Dumping data for table `recebido_sou_super_seguro_cobranca_recusada`
--

LOCK TABLES `recebido_sou_super_seguro_cobranca_recusada` WRITE;
/*!40000 ALTER TABLE `recebido_sou_super_seguro_cobranca_recusada` DISABLE KEYS */;
INSERT INTO `recebido_sou_super_seguro_cobranca_recusada` VALUES (7,'PIMENTAIS      ',NULL,NULL,NULL,'13940000','AGUAS D LINDOIA','38247421','SP',NULL,'27802625831','19',NULL,NULL,'2014-02-14 00:00:00',NULL,'2014-02-14 00:00:00','thiagotrader@hotmail.com',3500501,NULL,NULL,'GILMAR PIRES CARDOSO          ','R JOAO SOUSA CARVALHO         ','363'),(8,'PASSARE        ',NULL,NULL,NULL,'60743770','FORTALEZA      ','88525011','CE',NULL,'70168229315    ','85',NULL,NULL,'2014-02-14 01:55:39',NULL,'2014-02-14 01:55:39','thiagotrader@hotmail.com',2304400,NULL,NULL,'ROGERIO DE ANDRADE MACHADO    ','AV PRUDENTE BRASIL  ','633'),(9,'CENTRO         ',NULL,NULL,NULL,'38280970','ITURAMA        ','34110333','MG',NULL,' 5908650137    ','34',NULL,NULL,'2014-02-14 01:55:39',NULL,'2014-02-14 01:55:39','mathenoli_vidaloka@hotmail.com                    ',3134400,NULL,NULL,'MATHEUS HENRIQUE DE OLIVEIRA  ','AV MATO GROSSO                ','783'),(10,'CENTRO         ',NULL,NULL,NULL,'75820000','SERRANOPOLIS   ','36681849','GO',NULL,'55631894149    ','64',NULL,NULL,'2014-02-14 01:55:39',NULL,'2014-02-14 01:55:39','ecastrodesouza@gmail.com                          ',5220504,NULL,NULL,'ELIENE CASTRO DE SOUZA        ','RUA JOAQUIM MANECO            ','19'),(11,'MONDUBIM       ',NULL,NULL,NULL,'60763376','FORTALEZA      ','34735744','CE',NULL,'63133725300    ','85',NULL,NULL,'2014-02-14 01:55:40',NULL,'2014-02-14 01:55:40','SD_BRITOFILHO@HOTMAIL.COM                         ',2304400,NULL,NULL,'FRANCISCO BRITO SILVA FILHO   ','RUA MONTE LIBANO              ','493'),(12,'MANUEL SATIRO  ',NULL,NULL,NULL,'60713200','FORTALEZA      ','86133218','CE',NULL,'60102211370    ','85',NULL,NULL,'2014-02-14 01:55:40',NULL,'2014-02-14 01:55:40','thiagotrader@hotmail.com',2304400,NULL,NULL,'JANUARIO ALVES DE LIMA        ','R ALBANO AMARAL BL A AP I     ','242'),(13,'PIMENTAIS      ',NULL,NULL,NULL,'13940000','AGUAS D LINDOIA','38247421','SP',NULL,'27802625831    ','19',NULL,NULL,'2014-02-14 01:57:21',NULL,'2014-02-14 01:57:21','thiagotrader@hotmail.com',3500501,NULL,NULL,'GILMAR PIRES CARDOSO          ','R JOAO SOUSA CARVALHO         ','363'),(14,'PIMENTAIS      ',NULL,NULL,NULL,'13940000','AGUAS D LINDOIA','38247421','SP',NULL,'27802625831    ','19',NULL,NULL,'2014-02-14 02:04:09',NULL,'2014-02-14 02:04:09','thiagotrader@hotmail.com',3500501,NULL,NULL,'GILMAR PIRES CARDOSO          ','R JOAO SOUSA CARVALHO         ','363'),(15,'CENTRO         ',NULL,NULL,NULL,'38280970','ITURAMA        ','34110333','MG',NULL,' 5908650137    ','34',NULL,NULL,'2014-02-14 02:06:49',NULL,'2014-02-14 02:06:49','mathenoli_vidaloka@hotmail.com                    ',3134400,NULL,NULL,'MATHEUS HENRIQUE DE OLIVEIRA  ','AV MATO GROSSO                ','783'),(16,'PIMENTAIS      ',NULL,NULL,NULL,'13940000','AGUAS D LINDOIA','38247421','SP',NULL,'27802625831    ','19',NULL,NULL,'2014-02-14 02:11:42',NULL,'2014-02-14 02:11:42','thiagotrader@hotmail.com',3500501,NULL,NULL,'GILMAR PIRES CARDOSO          ','R JOAO SOUSA CARVALHO         ','363'),(17,'PASSARE        ',NULL,NULL,NULL,'60743770','FORTALEZA      ','88525011','CE',NULL,'70168229315    ','85',NULL,NULL,'2014-02-14 02:12:13',NULL,'2014-02-14 02:12:13','thiagotrader@hotmail.com',2304400,NULL,NULL,'ROGERIO DE ANDRADE MACHADO    ','AV PRUDENTE BRASIL  ','633'),(18,'CENTRO         ',NULL,NULL,NULL,'38280970','ITURAMA        ','34110333','MG',NULL,' 5908650137    ','34',NULL,NULL,'2014-02-14 02:13:37',NULL,'2014-02-14 02:13:37','mathenoli_vidaloka@hotmail.com                    ',3134400,NULL,NULL,'MATHEUS HENRIQUE DE OLIVEIRA  ','AV MATO GROSSO                ','783'),(19,'CENTRO         ',NULL,NULL,NULL,'75820000','SERRANOPOLIS   ','36681849','GO',NULL,'55631894149    ','64',NULL,NULL,'2014-02-14 02:13:38',NULL,'2014-02-14 02:13:38','ecastrodesouza@gmail.com                          ',5220504,NULL,NULL,'ELIENE CASTRO DE SOUZA        ','RUA JOAQUIM MANECO            ','19'),(20,'MONDUBIM       ',NULL,NULL,NULL,'60763376','FORTALEZA      ','34735744','CE',NULL,'63133725300    ','85',NULL,NULL,'2014-02-14 02:13:39',NULL,'2014-02-14 02:13:39','SD_BRITOFILHO@HOTMAIL.COM                         ',2304400,NULL,NULL,'FRANCISCO BRITO SILVA FILHO   ','RUA MONTE LIBANO              ','493'),(21,'MANUEL SATIRO  ',NULL,NULL,NULL,'60713200','FORTALEZA      ','86133218','CE',NULL,'60102211370    ','85',NULL,NULL,'2014-02-14 02:13:40',NULL,'2014-02-14 02:13:40','thiagotrader@hotmail.com',2304400,NULL,NULL,'JANUARIO ALVES DE LIMA        ','R ALBANO AMARAL BL A AP I     ','242'),(22,'PIMENTAIS      ',NULL,NULL,NULL,'13940000','AGUAS D LINDOIA','38247421','SP',NULL,'27802625831    ','19',NULL,NULL,'2014-02-14 02:15:54',NULL,'2014-02-14 02:15:54','thiagotrader@hotmail.com',3500501,NULL,NULL,'GILMAR PIRES CARDOSO          ','R JOAO SOUSA CARVALHO         ','363'),(23,'CENTRO         ',NULL,NULL,NULL,'38280970','ITURAMA        ','34110333','MG',NULL,' 5908650137    ','34',NULL,NULL,'2014-02-14 02:16:42',NULL,'2014-02-14 02:16:42','mathenoli_vidaloka@hotmail.com                    ',3134400,NULL,NULL,'MATHEUS HENRIQUE DE OLIVEIRA  ','AV MATO GROSSO                ','783'),(24,'CENTRO         ',NULL,NULL,NULL,'75820000','SERRANOPOLIS   ','36681849','GO',NULL,'55631894149    ','64',NULL,NULL,'2014-02-14 02:17:20',NULL,'2014-02-14 02:17:20','ecastrodesouza@gmail.com                          ',5220504,NULL,NULL,'ELIENE CASTRO DE SOUZA        ','RUA JOAQUIM MANECO            ','19'),(25,'MONDUBIM       ',NULL,NULL,NULL,'60763376','FORTALEZA      ','34735744','CE',NULL,'63133725300    ','85',NULL,NULL,'2014-02-14 02:17:22',NULL,'2014-02-14 02:17:22','SD_BRITOFILHO@HOTMAIL.COM                         ',2304400,NULL,NULL,'FRANCISCO BRITO SILVA FILHO   ','RUA MONTE LIBANO              ','493'),(26,'MANUEL SATIRO  ',NULL,NULL,NULL,'60713200','FORTALEZA      ','86133218','CE',NULL,'60102211370    ','85',NULL,NULL,'2014-02-14 02:17:23',NULL,'2014-02-14 02:17:23','thiagotrader@hotmail.com',2304400,NULL,NULL,'JANUARIO ALVES DE LIMA        ','R ALBANO AMARAL BL A AP I     ','242'),(27,'PIMENTAIS      ',NULL,NULL,NULL,'13940000','AGUAS D LINDOIA','38247421','SP',NULL,'27802625831    ','19',NULL,NULL,'2014-02-23 13:16:46',NULL,'2014-02-23 13:16:46','thiagotrader@hotmail.com',3500501,NULL,NULL,'GILMAR PIRES CARDOSO          ','R JOAO SOUSA CARVALHO         ','363'),(28,'CENTRO         ',NULL,NULL,NULL,'38280970','ITURAMA        ','34110333','MG',NULL,' 5908650137    ','34',NULL,NULL,'2014-02-23 13:16:58',NULL,'2014-02-23 13:16:58','mathenoli_vidaloka@hotmail.com                    ',3134400,NULL,NULL,'MATHEUS HENRIQUE DE OLIVEIRA  ','AV MATO GROSSO                ','783'),(29,'MONDUBIM       ',NULL,NULL,NULL,'60763376','FORTALEZA      ','34735744','CE',NULL,'63133725300    ','85',NULL,NULL,'2014-02-23 13:17:52',NULL,'2014-02-23 13:17:52','SD_BRITOFILHO@HOTMAIL.COM                         ',2304400,NULL,NULL,'FRANCISCO BRITO SILVA FILHO   ','RUA MONTE LIBANO              ','493'),(30,'MANUEL SATIRO  ',NULL,NULL,NULL,'60713200','FORTALEZA      ','86133218','CE',NULL,'60102211370    ','85',NULL,NULL,'2014-02-23 13:17:53',NULL,'2014-02-23 13:17:53','thiagotrader@hotmail.com',2304400,NULL,NULL,'JANUARIO ALVES DE LIMA        ','R ALBANO AMARAL BL A AP I     ','242'),(31,'PIMENTAIS      ',NULL,NULL,NULL,'13940000','AGUAS D LINDOIA','38247421','SP',NULL,'27802625831    ','19',NULL,NULL,'2014-02-23 13:19:44',NULL,'2014-02-23 13:19:44','thiagotrader@hotmail.com',3500501,NULL,NULL,'GILMAR PIRES CARDOSO          ','R JOAO SOUSA CARVALHO         ','363'),(32,'CENTRO         ',NULL,NULL,NULL,'38280970','ITURAMA        ','34110333','MG',NULL,' 5908650137    ','34',NULL,NULL,'2014-02-23 13:20:45',NULL,'2014-02-23 13:20:45','mathenoli_vidaloka@hotmail.com                    ',3134400,NULL,NULL,'MATHEUS HENRIQUE DE OLIVEIRA  ','AV MATO GROSSO                ','783'),(33,'MONDUBIM       ',NULL,NULL,NULL,'60763376','FORTALEZA      ','34735744','CE',NULL,'63133725300    ','85',NULL,NULL,'2014-02-23 13:21:12',NULL,'2014-02-23 13:21:12','SD_BRITOFILHO@HOTMAIL.COM                         ',2304400,NULL,NULL,'FRANCISCO BRITO SILVA FILHO   ','RUA MONTE LIBANO              ','493'),(34,'MANUEL SATIRO  ',NULL,NULL,NULL,'60713200','FORTALEZA      ','86133218','CE',NULL,'60102211370    ','85',NULL,NULL,'2014-02-23 13:21:12',NULL,'2014-02-23 13:21:12','thiagotrader@hotmail.com',2304400,NULL,NULL,'JANUARIO ALVES DE LIMA        ','R ALBANO AMARAL BL A AP I     ','242'),(35,'PIMENTAIS      ',NULL,NULL,NULL,'13940000','AGUAS D LINDOIA','38247421','SP',NULL,'27802625831    ','19',NULL,NULL,'2014-02-23 13:34:39',NULL,'2014-02-23 13:34:39','thiagotrader@hotmail.com',3500501,NULL,NULL,'GILMAR PIRES CARDOSO          ','R JOAO SOUSA CARVALHO         ','363'),(36,'CENTRO         ',NULL,NULL,NULL,'38280970','ITURAMA        ','34110333','MG',NULL,' 5908650137    ','34',NULL,NULL,'2014-02-23 13:35:07',NULL,'2014-02-23 13:35:07','mathenoli_vidaloka@hotmail.com                    ',3134400,NULL,NULL,'MATHEUS HENRIQUE DE OLIVEIRA  ','AV MATO GROSSO                ','783'),(37,'PIMENTAIS      ',NULL,NULL,NULL,'13940000','AGUAS D LINDOIA','38247421','SP',NULL,'27802625831    ','19',NULL,NULL,'2014-02-23 13:44:19',NULL,'2014-02-23 13:44:19','thiagotrader@hotmail.com',3500501,NULL,NULL,'GILMAR PIRES CARDOSO          ','R JOAO SOUSA CARVALHO         ','363'),(38,'CENTRO         ',NULL,NULL,NULL,'38280970','ITURAMA        ','34110333','MG',NULL,' 5908650137    ','34',NULL,NULL,'2014-02-23 13:44:37',NULL,'2014-02-23 13:44:37','mathenoli_vidaloka@hotmail.com                    ',3134400,NULL,NULL,'MATHEUS HENRIQUE DE OLIVEIRA  ','AV MATO GROSSO                ','783'),(39,'MONDUBIM       ',NULL,NULL,NULL,'60763376','FORTALEZA      ','34735744','CE',NULL,'63133725300    ','85',NULL,NULL,'2014-02-23 13:44:38',NULL,'2014-02-23 13:44:38','SD_BRITOFILHO@HOTMAIL.COM                         ',2304400,NULL,NULL,'FRANCISCO BRITO SILVA FILHO   ','RUA MONTE LIBANO              ','493'),(40,'MANUEL SATIRO  ',NULL,NULL,NULL,'60713200','FORTALEZA      ','86133218','CE',NULL,'60102211370    ','85',NULL,NULL,'2014-02-23 13:44:38',NULL,'2014-02-23 13:44:38','thiagotrader@hotmail.com',2304400,NULL,NULL,'JANUARIO ALVES DE LIMA        ','R ALBANO AMARAL BL A AP I     ','242'),(41,'PIMENTAIS      ',NULL,NULL,NULL,'13940000','AGUAS D LINDOIA','38247421','SP',NULL,'27802625831    ','19',NULL,NULL,'2014-02-23 13:48:34',NULL,'2014-02-23 13:48:34','thiagotrader@hotmail.com',3500501,NULL,NULL,'GILMAR PIRES CARDOSO          ','R JOAO SOUSA CARVALHO         ','363'),(42,'MONDUBIM       ',NULL,NULL,NULL,'60763376','FORTALEZA      ','34735744','CE',NULL,'63133725300    ','85',NULL,NULL,'2014-02-23 13:50:12',NULL,'2014-02-23 13:50:12','SD_BRITOFILHO@HOTMAIL.COM                         ',2304400,NULL,NULL,'FRANCISCO BRITO SILVA FILHO   ','RUA MONTE LIBANO              ','493'),(43,'PIMENTAIS      ',NULL,NULL,NULL,'13940000','AGUAS D LINDOIA','38247421','SP',NULL,'27802625831','19',NULL,NULL,'2014-02-14 01:55:39',NULL,'2014-02-14 01:55:39','thiagotrader@hotmail.com',3500501,NULL,NULL,'GILMAR PIRES CARDOSO          ','R JOAO SOUSA CARVALHO         ','363');
/*!40000 ALTER TABLE `recebido_sou_super_seguro_cobranca_recusada` ENABLE KEYS */;
UNLOCK TABLES;

--
-- Table structure for table `recebido_sou_super_seguro_dados_finais`
--

DROP TABLE IF EXISTS `recebido_sou_super_seguro_dados_finais`;
/*!40101 SET @saved_cs_client     = @@character_set_client */;
/*!40101 SET character_set_client = utf8 */;
CREATE TABLE `recebido_sou_super_seguro_dados_finais` (
  `id` bigint(20) NOT NULL AUTO_INCREMENT,
  `c_tipo_registro` varchar(1) DEFAULT NULL,
  `filler` longtext,
  `nr_total_reg` int(11) DEFAULT NULL,
  `tp_comissao` int(11) DEFAULT NULL,
  `tp_negoc` int(11) DEFAULT NULL,
  PRIMARY KEY (`id`)
) ENGINE=InnoDB DEFAULT CHARSET=utf8;
/*!40101 SET character_set_client = @saved_cs_client */;

--
-- Dumping data for table `recebido_sou_super_seguro_dados_finais`
--

LOCK TABLES `recebido_sou_super_seguro_dados_finais` WRITE;
/*!40000 ALTER TABLE `recebido_sou_super_seguro_dados_finais` DISABLE KEYS */;
/*!40000 ALTER TABLE `recebido_sou_super_seguro_dados_finais` ENABLE KEYS */;
UNLOCK TABLES;

--
-- Table structure for table `recebido_sou_super_seguro_dados_finais_recusada`
--

DROP TABLE IF EXISTS `recebido_sou_super_seguro_dados_finais_recusada`;
/*!40101 SET @saved_cs_client     = @@character_set_client */;
/*!40101 SET character_set_client = utf8 */;
CREATE TABLE `recebido_sou_super_seguro_dados_finais_recusada` (
  `id` bigint(20) NOT NULL AUTO_INCREMENT,
  `c_tipo_registro` text,
  `filler` longtext,
  `nr_total_reg` int(11) DEFAULT NULL,
  `tp_comissao` int(11) DEFAULT NULL,
  `tp_negoc` int(11) DEFAULT NULL,
  PRIMARY KEY (`id`)
) ENGINE=InnoDB DEFAULT CHARSET=utf8;
/*!40101 SET character_set_client = @saved_cs_client */;

--
-- Dumping data for table `recebido_sou_super_seguro_dados_finais_recusada`
--

LOCK TABLES `recebido_sou_super_seguro_dados_finais_recusada` WRITE;
/*!40000 ALTER TABLE `recebido_sou_super_seguro_dados_finais_recusada` DISABLE KEYS */;
/*!40000 ALTER TABLE `recebido_sou_super_seguro_dados_finais_recusada` ENABLE KEYS */;
UNLOCK TABLES;

--
-- Table structure for table `recebido_sou_super_seguro_mensalidade`
--

DROP TABLE IF EXISTS `recebido_sou_super_seguro_mensalidade`;
/*!40101 SET @saved_cs_client     = @@character_set_client */;
/*!40101 SET character_set_client = utf8 */;
CREATE TABLE `recebido_sou_super_seguro_mensalidade` (
  `id` bigint(20) NOT NULL AUTO_INCREMENT,
  `c_corrente` varchar(14) DEFAULT NULL,
  `c_parentesco_cobr` varchar(11) NOT NULL,
  `cpf_tit_corrente` varchar(11) NOT NULL,
  `dv_agencia` varchar(1) DEFAULT NULL,
  `dv_conta` varchar(1) DEFAULT NULL,
  `nm_tit_corrente` varchar(70) NOT NULL,
  `nro_agencia` varchar(4) DEFAULT NULL,
  `nro_banco` varchar(40) DEFAULT NULL,
  `tp_cobr` varchar(255) NOT NULL,
  PRIMARY KEY (`id`)
) ENGINE=InnoDB AUTO_INCREMENT=196 DEFAULT CHARSET=utf8;
/*!40101 SET character_set_client = @saved_cs_client */;

--
-- Dumping data for table `recebido_sou_super_seguro_mensalidade`
--

LOCK TABLES `recebido_sou_super_seguro_mensalidade` WRITE;
/*!40000 ALTER TABLE `recebido_sou_super_seguro_mensalidade` DISABLE KEYS */;
INSERT INTO `recebido_sou_super_seguro_mensalidade` VALUES (139,'27972','PAI','70168229315','2','2','ROGERIO DE ANDRADE MACHADO    ','2568','BRADESCO','BOLETOBANCARIO_CONTACORRENTE'),(140,NULL,'PAI',' 5908650137',NULL,NULL,'MATHEUS HENRIQUE DE OLIVEIRA  ',NULL,NULL,'BOLETOBANCARIO_BOLETOBANCARIO'),(141,'28932','PAI','55631894149','1','1','ELIENE CASTRO DE SOUZA        ','2463','BRADESCO','BOLETOBANCARIO_CONTACORRENTE'),(142,NULL,'PAI','63133725300',NULL,NULL,'FRANCISCO BRITO SILVA FILHO   ',NULL,NULL,'BOLETOBANCARIO_BOLETOBANCARIO'),(143,NULL,'PAI','60102211370',NULL,NULL,'JANUARIO ALVES DE LIMA        ',NULL,NULL,'BOLETOBANCARIO_BOLETOBANCARIO'),(144,NULL,'PAI','27802625831',NULL,NULL,'GILMAR PIRES CARDOSO          ',NULL,NULL,'BOLETOBANCARIO_BOLETOBANCARIO'),(145,'27972','PAI','70168229315','2','2','ROGERIO DE ANDRADE MACHADO    ','2568','BRADESCO','BOLETOBANCARIO_CONTACORRENTE'),(146,NULL,'PAI','27802625831',NULL,NULL,'GILMAR PIRES CARDOSO          ',NULL,NULL,'BOLETOBANCARIO_BOLETOBANCARIO'),(147,'27972','PAI','70168229315','2','2','ROGERIO DE ANDRADE MACHADO    ','2568','BRADESCO','BOLETOBANCARIO_CONTACORRENTE'),(148,NULL,'PAI',' 5908650137',NULL,NULL,'MATHEUS HENRIQUE DE OLIVEIRA  ',NULL,NULL,'BOLETOBANCARIO_BOLETOBANCARIO'),(149,'28932','PAI','55631894149','1','1','ELIENE CASTRO DE SOUZA        ','2463','BRADESCO','BOLETOBANCARIO_CONTACORRENTE'),(150,NULL,'PAI','27802625831',NULL,NULL,'GILMAR PIRES CARDOSO          ',NULL,NULL,'BOLETOBANCARIO_BOLETOBANCARIO'),(151,NULL,'PAI','27802625831',NULL,NULL,'GILMAR PIRES CARDOSO          ',NULL,NULL,'BOLETOBANCARIO_BOLETOBANCARIO'),(152,'27972','PAI','70168229315','2','2','ROGERIO DE ANDRADE MACHADO    ','2568','BRADESCO','BOLETOBANCARIO_CONTACORRENTE'),(153,NULL,'PAI',' 5908650137',NULL,NULL,'MATHEUS HENRIQUE DE OLIVEIRA  ',NULL,NULL,'BOLETOBANCARIO_BOLETOBANCARIO'),(154,'28932','PAI','55631894149','1','1','ELIENE CASTRO DE SOUZA        ','2463','BRADESCO','BOLETOBANCARIO_CONTACORRENTE'),(155,NULL,'PAI','63133725300',NULL,NULL,'FRANCISCO BRITO SILVA FILHO   ',NULL,NULL,'BOLETOBANCARIO_BOLETOBANCARIO'),(156,NULL,'PAI','60102211370',NULL,NULL,'JANUARIO ALVES DE LIMA        ',NULL,NULL,'BOLETOBANCARIO_BOLETOBANCARIO'),(157,NULL,'PAI','27802625831',NULL,NULL,'GILMAR PIRES CARDOSO          ',NULL,NULL,'BOLETOBANCARIO_BOLETOBANCARIO'),(158,'27972','PAI','70168229315','2','2','ROGERIO DE ANDRADE MACHADO    ','2568','BRADESCO','BOLETOBANCARIO_CONTACORRENTE'),(159,NULL,'PAI',' 5908650137',NULL,NULL,'MATHEUS HENRIQUE DE OLIVEIRA  ',NULL,NULL,'BOLETOBANCARIO_BOLETOBANCARIO'),(160,'28932','PAI','55631894149','1','1','ELIENE CASTRO DE SOUZA        ','2463','BRADESCO','BOLETOBANCARIO_CONTACORRENTE'),(161,NULL,'PAI','63133725300',NULL,NULL,'FRANCISCO BRITO SILVA FILHO   ',NULL,NULL,'BOLETOBANCARIO_BOLETOBANCARIO'),(162,NULL,'PAI','60102211370',NULL,NULL,'JANUARIO ALVES DE LIMA        ',NULL,NULL,'BOLETOBANCARIO_BOLETOBANCARIO'),(163,NULL,'PAI','27802625831',NULL,NULL,'GILMAR PIRES CARDOSO          ',NULL,NULL,'BOLETOBANCARIO_BOLETOBANCARIO'),(164,'27972','PAI','70168229315','2','2','ROGERIO DE ANDRADE MACHADO    ','2568','BRADESCO','BOLETOBANCARIO_CONTACORRENTE'),(165,NULL,'PAI',' 5908650137',NULL,NULL,'MATHEUS HENRIQUE DE OLIVEIRA  ',NULL,NULL,'BOLETOBANCARIO_BOLETOBANCARIO'),(166,'28932','PAI','55631894149','1','1','ELIENE CASTRO DE SOUZA        ','2463','BRADESCO','BOLETOBANCARIO_CONTACORRENTE'),(167,NULL,'PAI','63133725300',NULL,NULL,'FRANCISCO BRITO SILVA FILHO   ',NULL,NULL,'BOLETOBANCARIO_BOLETOBANCARIO'),(168,NULL,'PAI','60102211370',NULL,NULL,'JANUARIO ALVES DE LIMA        ',NULL,NULL,'BOLETOBANCARIO_BOLETOBANCARIO'),(169,NULL,'PAI','27802625831',NULL,NULL,'GILMAR PIRES CARDOSO          ',NULL,NULL,'BOLETOBANCARIO_BOLETOBANCARIO'),(170,'27972','PAI','70168229315','2','2','ROGERIO DE ANDRADE MACHADO    ','2568','BRADESCO','BOLETOBANCARIO_CONTACORRENTE'),(171,NULL,'PAI',' 5908650137',NULL,NULL,'MATHEUS HENRIQUE DE OLIVEIRA  ',NULL,NULL,'BOLETOBANCARIO_BOLETOBANCARIO'),(172,'28932','PAI','55631894149','1','1','ELIENE CASTRO DE SOUZA        ','2463','BRADESCO','BOLETOBANCARIO_CONTACORRENTE'),(173,NULL,'PAI','63133725300',NULL,NULL,'FRANCISCO BRITO SILVA FILHO   ',NULL,NULL,'BOLETOBANCARIO_BOLETOBANCARIO'),(174,NULL,'PAI','60102211370',NULL,NULL,'JANUARIO ALVES DE LIMA        ',NULL,NULL,'BOLETOBANCARIO_BOLETOBANCARIO'),(175,NULL,'PAI','27802625831',NULL,NULL,'GILMAR PIRES CARDOSO          ',NULL,NULL,'BOLETOBANCARIO_BOLETOBANCARIO'),(176,NULL,'PAI','27802625831',NULL,NULL,'GILMAR PIRES CARDOSO          ',NULL,NULL,'BOLETOBANCARIO_BOLETOBANCARIO'),(177,'27972','PAI','70168229315','2','2','ROGERIO DE ANDRADE MACHADO    ','2568','BRADESCO','BOLETOBANCARIO_CONTACORRENTE'),(178,NULL,'PAI',' 5908650137',NULL,NULL,'MATHEUS HENRIQUE DE OLIVEIRA  ',NULL,NULL,'BOLETOBANCARIO_BOLETOBANCARIO'),(179,'28932','PAI','55631894149','1','1','ELIENE CASTRO DE SOUZA        ','2463','BRADESCO','BOLETOBANCARIO_CONTACORRENTE'),(180,NULL,'PAI','63133725300',NULL,NULL,'FRANCISCO BRITO SILVA FILHO   ',NULL,NULL,'BOLETOBANCARIO_BOLETOBANCARIO'),(181,NULL,'PAI','27802625831',NULL,NULL,'GILMAR PIRES CARDOSO          ',NULL,NULL,'BOLETOBANCARIO_BOLETOBANCARIO'),(182,NULL,'PAI','27802625831',NULL,NULL,'GILMAR PIRES CARDOSO          ',NULL,NULL,'BOLETOBANCARIO_BOLETOBANCARIO'),(183,NULL,'PAI','27802625831',NULL,NULL,'GILMAR PIRES CARDOSO          ',NULL,NULL,'BOLETOBANCARIO_BOLETOBANCARIO'),(184,'27972','PAI','70168229315','2','2','ROGERIO DE ANDRADE MACHADO    ','2568','BRADESCO','BOLETOBANCARIO_CONTACORRENTE'),(185,NULL,'PAI',' 5908650137',NULL,NULL,'MATHEUS HENRIQUE DE OLIVEIRA  ',NULL,NULL,'BOLETOBANCARIO_BOLETOBANCARIO'),(186,'28932','PAI','55631894149','1','1','ELIENE CASTRO DE SOUZA        ','2463','BRADESCO','BOLETOBANCARIO_CONTACORRENTE'),(187,NULL,'PAI','63133725300',NULL,NULL,'FRANCISCO BRITO SILVA FILHO   ',NULL,NULL,'BOLETOBANCARIO_BOLETOBANCARIO'),(188,NULL,'PAI','60102211370',NULL,NULL,'JANUARIO ALVES DE LIMA        ',NULL,NULL,'BOLETOBANCARIO_BOLETOBANCARIO'),(189,NULL,'PAI','27802625831',NULL,NULL,'GILMAR PIRES CARDOSO          ',NULL,NULL,'BOLETOBANCARIO_BOLETOBANCARIO'),(190,NULL,'PAI','27802625831',NULL,NULL,'GILMAR PIRES CARDOSO          ',NULL,NULL,'BOLETOBANCARIO_BOLETOBANCARIO'),(191,'27972','PAI','70168229315','2','2','ROGERIO DE ANDRADE MACHADO    ','2568','BRADESCO','BOLETOBANCARIO_CONTACORRENTE'),(192,NULL,'PAI',' 5908650137',NULL,NULL,'MATHEUS HENRIQUE DE OLIVEIRA  ',NULL,NULL,'BOLETOBANCARIO_BOLETOBANCARIO'),(193,'28932','PAI','55631894149','1','1','ELIENE CASTRO DE SOUZA        ','2463','BRADESCO','BOLETOBANCARIO_CONTACORRENTE'),(194,NULL,'PAI','63133725300',NULL,NULL,'FRANCISCO BRITO SILVA FILHO   ',NULL,NULL,'BOLETOBANCARIO_BOLETOBANCARIO'),(195,NULL,'PAI','60102211370',NULL,NULL,'JANUARIO ALVES DE LIMA        ',NULL,NULL,'BOLETOBANCARIO_BOLETOBANCARIO');
/*!40000 ALTER TABLE `recebido_sou_super_seguro_mensalidade` ENABLE KEYS */;
UNLOCK TABLES;

--
-- Table structure for table `recebido_sou_super_seguro_mensalidade_recusada`
--

DROP TABLE IF EXISTS `recebido_sou_super_seguro_mensalidade_recusada`;
/*!40101 SET @saved_cs_client     = @@character_set_client */;
/*!40101 SET character_set_client = utf8 */;
CREATE TABLE `recebido_sou_super_seguro_mensalidade_recusada` (
  `id` bigint(20) NOT NULL AUTO_INCREMENT,
  `c_corrente` text,
  `c_parentesco_cobr` text,
  `cpf_tit_corrente` text,
  `dv_agencia` text,
  `dv_conta` text,
  `nm_tit_corrente` text,
  `nro_agencia` text,
  `nro_banco` text,
  `tp_cobr` text,
  PRIMARY KEY (`id`)
) ENGINE=InnoDB AUTO_INCREMENT=44 DEFAULT CHARSET=utf8;
/*!40101 SET character_set_client = @saved_cs_client */;

--
-- Dumping data for table `recebido_sou_super_seguro_mensalidade_recusada`
--

LOCK TABLES `recebido_sou_super_seguro_mensalidade_recusada` WRITE;
/*!40000 ALTER TABLE `recebido_sou_super_seguro_mensalidade_recusada` DISABLE KEYS */;
INSERT INTO `recebido_sou_super_seguro_mensalidade_recusada` VALUES (7,NULL,'PAI','27802625831    ',NULL,NULL,'GILMAR PIRES CARDOSO          ',NULL,NULL,'BOLETOBANCARIO_BOLETOBANCARIO'),(8,'27972','PAI','70168229315    ','2','2','ROGERIO DE ANDRADE MACHADO    ','2568','BRADESCO','BOLETOBANCARIO_CONTACORRENTE'),(9,NULL,'PAI',' 5908650137    ',NULL,NULL,'MATHEUS HENRIQUE DE OLIVEIRA  ',NULL,NULL,'BOLETOBANCARIO_BOLETOBANCARIO'),(10,'28932','PAI','55631894149    ','1','1','ELIENE CASTRO DE SOUZA        ','2463','BRADESCO','BOLETOBANCARIO_CONTACORRENTE'),(11,NULL,'PAI','63133725300    ',NULL,NULL,'FRANCISCO BRITO SILVA FILHO   ',NULL,NULL,'BOLETOBANCARIO_BOLETOBANCARIO'),(12,NULL,'PAI','60102211370    ',NULL,NULL,'JANUARIO ALVES DE LIMA        ',NULL,NULL,'BOLETOBANCARIO_BOLETOBANCARIO'),(13,NULL,'PAI','27802625831    ',NULL,NULL,'GILMAR PIRES CARDOSO          ',NULL,NULL,'BOLETOBANCARIO_BOLETOBANCARIO'),(14,NULL,'PAI','27802625831    ',NULL,NULL,'GILMAR PIRES CARDOSO          ',NULL,NULL,'BOLETOBANCARIO_BOLETOBANCARIO'),(15,NULL,'PAI',' 5908650137    ',NULL,NULL,'MATHEUS HENRIQUE DE OLIVEIRA  ',NULL,NULL,'BOLETOBANCARIO_BOLETOBANCARIO'),(16,NULL,'PAI','27802625831    ',NULL,NULL,'GILMAR PIRES CARDOSO          ',NULL,NULL,'BOLETOBANCARIO_BOLETOBANCARIO'),(17,'27972','PAI','70168229315    ','2','2','ROGERIO DE ANDRADE MACHADO    ','2568','BRADESCO','BOLETOBANCARIO_CONTACORRENTE'),(18,NULL,'PAI',' 5908650137    ',NULL,NULL,'MATHEUS HENRIQUE DE OLIVEIRA  ',NULL,NULL,'BOLETOBANCARIO_BOLETOBANCARIO'),(19,'28932','PAI','55631894149    ','1','1','ELIENE CASTRO DE SOUZA        ','2463','BRADESCO','BOLETOBANCARIO_CONTACORRENTE'),(20,NULL,'PAI','63133725300    ',NULL,NULL,'FRANCISCO BRITO SILVA FILHO   ',NULL,NULL,'BOLETOBANCARIO_BOLETOBANCARIO'),(21,NULL,'PAI','60102211370    ',NULL,NULL,'JANUARIO ALVES DE LIMA        ',NULL,NULL,'BOLETOBANCARIO_BOLETOBANCARIO'),(22,NULL,'PAI','27802625831    ',NULL,NULL,'GILMAR PIRES CARDOSO          ',NULL,NULL,'BOLETOBANCARIO_BOLETOBANCARIO'),(23,NULL,'PAI',' 5908650137    ',NULL,NULL,'MATHEUS HENRIQUE DE OLIVEIRA  ',NULL,NULL,'BOLETOBANCARIO_BOLETOBANCARIO'),(24,'28932','PAI','55631894149    ','1','1','ELIENE CASTRO DE SOUZA        ','2463','BRADESCO','BOLETOBANCARIO_CONTACORRENTE'),(25,NULL,'PAI','63133725300    ',NULL,NULL,'FRANCISCO BRITO SILVA FILHO   ',NULL,NULL,'BOLETOBANCARIO_BOLETOBANCARIO'),(26,NULL,'PAI','60102211370    ',NULL,NULL,'JANUARIO ALVES DE LIMA        ',NULL,NULL,'BOLETOBANCARIO_BOLETOBANCARIO'),(27,NULL,'PAI','27802625831    ',NULL,NULL,'GILMAR PIRES CARDOSO          ',NULL,NULL,'BOLETOBANCARIO_BOLETOBANCARIO'),(28,NULL,'PAI',' 5908650137    ',NULL,NULL,'MATHEUS HENRIQUE DE OLIVEIRA  ',NULL,NULL,'BOLETOBANCARIO_BOLETOBANCARIO'),(29,NULL,'PAI','63133725300    ',NULL,NULL,'FRANCISCO BRITO SILVA FILHO   ',NULL,NULL,'BOLETOBANCARIO_BOLETOBANCARIO'),(30,NULL,'PAI','60102211370    ',NULL,NULL,'JANUARIO ALVES DE LIMA        ',NULL,NULL,'BOLETOBANCARIO_BOLETOBANCARIO'),(31,NULL,'PAI','27802625831    ',NULL,NULL,'GILMAR PIRES CARDOSO          ',NULL,NULL,'BOLETOBANCARIO_BOLETOBANCARIO'),(32,NULL,'PAI',' 5908650137    ',NULL,NULL,'MATHEUS HENRIQUE DE OLIVEIRA  ',NULL,NULL,'BOLETOBANCARIO_BOLETOBANCARIO'),(33,NULL,'PAI','63133725300    ',NULL,NULL,'FRANCISCO BRITO SILVA FILHO   ',NULL,NULL,'BOLETOBANCARIO_BOLETOBANCARIO'),(34,NULL,'PAI','60102211370    ',NULL,NULL,'JANUARIO ALVES DE LIMA        ',NULL,NULL,'BOLETOBANCARIO_BOLETOBANCARIO'),(35,NULL,'PAI','27802625831    ',NULL,NULL,'GILMAR PIRES CARDOSO          ',NULL,NULL,'BOLETOBANCARIO_BOLETOBANCARIO'),(36,NULL,'PAI',' 5908650137    ',NULL,NULL,'MATHEUS HENRIQUE DE OLIVEIRA  ',NULL,NULL,'BOLETOBANCARIO_BOLETOBANCARIO'),(37,NULL,'PAI','27802625831    ',NULL,NULL,'GILMAR PIRES CARDOSO          ',NULL,NULL,'BOLETOBANCARIO_BOLETOBANCARIO'),(38,NULL,'PAI',' 5908650137    ',NULL,NULL,'MATHEUS HENRIQUE DE OLIVEIRA  ',NULL,NULL,'BOLETOBANCARIO_BOLETOBANCARIO'),(39,NULL,'PAI','63133725300    ',NULL,NULL,'FRANCISCO BRITO SILVA FILHO   ',NULL,NULL,'BOLETOBANCARIO_BOLETOBANCARIO'),(40,NULL,'PAI','60102211370    ',NULL,NULL,'JANUARIO ALVES DE LIMA        ',NULL,NULL,'BOLETOBANCARIO_BOLETOBANCARIO'),(41,NULL,'PAI','27802625831    ',NULL,NULL,'GILMAR PIRES CARDOSO          ',NULL,NULL,'BOLETOBANCARIO_BOLETOBANCARIO'),(42,NULL,'PAI','63133725300    ',NULL,NULL,'FRANCISCO BRITO SILVA FILHO   ',NULL,NULL,'BOLETOBANCARIO_BOLETOBANCARIO'),(43,NULL,'PAI','27802625831',NULL,NULL,'GILMAR PIRES CARDOSO          ',NULL,NULL,'BOLETOBANCARIO_BOLETOBANCARIO');
/*!40000 ALTER TABLE `recebido_sou_super_seguro_mensalidade_recusada` ENABLE KEYS */;
UNLOCK TABLES;

--
-- Table structure for table `recebido_sou_super_seguro_recusada`
--

DROP TABLE IF EXISTS `recebido_sou_super_seguro_recusada`;
/*!40101 SET @saved_cs_client     = @@character_set_client */;
/*!40101 SET character_set_client = utf8 */;
CREATE TABLE `recebido_sou_super_seguro_recusada` (
  `id` bigint(20) NOT NULL AUTO_INCREMENT,
  `bairro_res` text,
  `c_categoria` text,
  `c_destino` text,
  `c_est_civil` text,
  `c_fone1` text,
  `c_plano` text,
  `c_sexo` varchar(255) DEFAULT NULL,
  `c_fone2` text,
  `c_motivo_can` text,
  `c_origem` text,
  `c_parentesco` text,
  `c_status` text,
  `d_fone1` varchar(3) DEFAULT NULL,
  `c_tipo_registro` text,
  `cd_matricula` text,
  `cep_res` text,
  `cidade_res` text,
  `cns` text,
  `comp_res` text,
  `contrato` text,
  `cpf` text,
  `d_fone2` text,
  `d_fone3` text,
  `dnv` text,
  `dt_adesao` datetime DEFAULT NULL,
  `dt_arquivo` datetime DEFAULT NULL,
  `dt_cancelamento` datetime DEFAULT NULL,
  `dt_nascimento` datetime DEFAULT NULL,
  `email` text,
  `filler` text,
  `id_cidade_res` bigint(20) DEFAULT NULL,
  `n_fone1` text,
  `n_fone2` text,
  `n_fone3` text,
  `nome` text,
  `nome_mae` text,
  `nr_sequencial` bigint(20) DEFAULT NULL,
  `nro_proposta` text,
  `pis_pasep_nit` text,
  `r_logradores` text,
  `r_numero_res` text,
  `referencia_res` text,
  `uf_res` varchar(2) DEFAULT NULL,
  `id_recebido_sou_super_seguro_cobranca` bigint(20) DEFAULT NULL,
  `id_recebido_sou_super_seguro_pagamento_mensalidade` bigint(20) DEFAULT NULL,
  `id_recebido_sou_super_seguro_dados_finais` bigint(20) DEFAULT NULL,
  `recebido_bradesco` tinyint(1) NOT NULL DEFAULT '0',
  `codigo_erro` varchar(4) DEFAULT NULL,
  PRIMARY KEY (`id`),
  KEY `fk_recebido_cobranca_recusada_idx` (`id_recebido_sou_super_seguro_cobranca`),
  KEY `fk_recebido_mensallidade_recusada_idx` (`id_recebido_sou_super_seguro_pagamento_mensalidade`),
  KEY `fk_recebido_dados_finais_recusada_idx` (`id_recebido_sou_super_seguro_dados_finais`),
  CONSTRAINT `fk_recebido_cobranca_recusada` FOREIGN KEY (`id_recebido_sou_super_seguro_cobranca`) REFERENCES `recebido_sou_super_seguro_cobranca_recusada` (`id`) ON DELETE NO ACTION ON UPDATE NO ACTION,
  CONSTRAINT `fk_recebido_dados_finais_recusada` FOREIGN KEY (`id_recebido_sou_super_seguro_dados_finais`) REFERENCES `recebido_sou_super_seguro_dados_finais_recusada` (`id`) ON DELETE NO ACTION ON UPDATE NO ACTION,
  CONSTRAINT `fk_recebido_mensalidade_recusada` FOREIGN KEY (`id_recebido_sou_super_seguro_pagamento_mensalidade`) REFERENCES `recebido_sou_super_seguro_mensalidade_recusada` (`id`) ON DELETE NO ACTION ON UPDATE NO ACTION
) ENGINE=InnoDB AUTO_INCREMENT=44 DEFAULT CHARSET=utf8;
/*!40101 SET character_set_client = @saved_cs_client */;

--
-- Dumping data for table `recebido_sou_super_seguro_recusada`
--

LOCK TABLES `recebido_sou_super_seguro_recusada` WRITE;
/*!40000 ALTER TABLE `recebido_sou_super_seguro_recusada` DISABLE KEYS */;
INSERT INTO `recebido_sou_super_seguro_recusada` VALUES (7,'PIMENTAIS      ','TITULAR',NULL,NULL,NULL,NULL,'Masculino',NULL,NULL,NULL,'PAI','I','19',NULL,NULL,'13940000','AGUAS D LINDOIA',NULL,NULL,NULL,'27802625831    ',NULL,NULL,NULL,NULL,NULL,NULL,'2014-02-14 00:00:00','thiagotrader@hotmail.com',NULL,3500501,'38247421',NULL,NULL,'GILMAR PIRES CARDOSO          ','SANDRA MARIA RODRIGUES COSTA  ',NULL,NULL,NULL,'R JOAO SOUSA CARVALHO         ','363',NULL,'SP',7,7,NULL,0,NULL),(8,'PASSARE        ','TITULAR',NULL,NULL,NULL,NULL,'Masculino',NULL,NULL,NULL,'PAI','I','85',NULL,NULL,'60743770','FORTALEZA      ',NULL,NULL,'057946','70168229315    ',NULL,NULL,NULL,NULL,NULL,NULL,'2014-02-14 01:55:39','thiagotrader@hotmail.com',NULL,2304400,'88525011',NULL,NULL,'ROGERIO DE ANDRADE MACHADO    ','MARIA ANGELITA PEREIRA ALVES  ',NULL,NULL,NULL,'AV PRUDENTE BRASIL  ','633',NULL,'CE',8,8,NULL,0,NULL),(9,'CENTRO         ','TITULAR',NULL,NULL,NULL,NULL,'Masculino',NULL,NULL,NULL,'PAI','I','34',NULL,NULL,'38280970','ITURAMA        ',NULL,NULL,'057946',' 5908650137    ',NULL,NULL,NULL,NULL,NULL,NULL,'2014-02-14 01:55:39','mathenoli_vidaloka@hotmail.com                    ',NULL,3134400,'34110333',NULL,NULL,'MATHEUS HENRIQUE DE OLIVEIRA  ','ELIZABETE NOGUEIRA DA COSTA   ',NULL,NULL,NULL,'AV MATO GROSSO                ','783',NULL,'MG',9,9,NULL,0,NULL),(10,'CENTRO         ','TITULAR',NULL,NULL,NULL,NULL,'Feminino',NULL,NULL,NULL,'PAI','I','64',NULL,NULL,'75820000','SERRANOPOLIS   ',NULL,NULL,'057946','55631894149    ',NULL,NULL,NULL,NULL,NULL,NULL,'2014-02-14 01:55:39','ecastrodesouza@gmail.com                          ',NULL,5220504,'36681849',NULL,NULL,'ELIENE CASTRO DE SOUZA        ','JAQUELINE SERPA LIRA          ',NULL,NULL,NULL,'RUA JOAQUIM MANECO            ','19',NULL,'GO',10,10,NULL,0,NULL),(11,'MONDUBIM       ','TITULAR',NULL,NULL,NULL,NULL,'Masculino',NULL,NULL,NULL,'PAI','I','85',NULL,NULL,'60763376','FORTALEZA      ',NULL,NULL,'057946','63133725300    ',NULL,NULL,NULL,NULL,NULL,NULL,'2014-02-14 01:55:40','SD_BRITOFILHO@HOTMAIL.COM                         ',NULL,2304400,'34735744',NULL,NULL,'FRANCISCO BRITO SILVA FILHO   ','MARIA ELIZETE F DE OLIVEIRA   ',NULL,NULL,NULL,'RUA MONTE LIBANO              ','493',NULL,'CE',11,11,NULL,0,NULL),(12,'MANUEL SATIRO  ','TITULAR',NULL,NULL,NULL,NULL,'Masculino',NULL,NULL,NULL,'PAI','I','85',NULL,NULL,'60713200','FORTALEZA      ',NULL,NULL,'057946','60102211370    ',NULL,NULL,NULL,NULL,NULL,NULL,'2014-02-14 01:55:40','thiagotrader@hotmail.com',NULL,2304400,'86133218',NULL,NULL,'JANUARIO ALVES DE LIMA        ','CLAUDIA RODRIGUES DE OLIVEIRA ',NULL,NULL,NULL,'R ALBANO AMARAL BL A AP I     ','242',NULL,'CE',12,12,NULL,0,NULL),(13,'PIMENTAIS      ','TITULAR',NULL,NULL,NULL,NULL,'Masculino',NULL,NULL,NULL,'PAI','I','19',NULL,NULL,'13940000','AGUAS D LINDOIA',NULL,NULL,'057946','27802625831    ',NULL,NULL,NULL,NULL,NULL,NULL,'2014-02-14 01:57:21','thiagotrader@hotmail.com',NULL,3500501,'38247421',NULL,NULL,'GILMAR PIRES CARDOSO          ','SANDRA MARIA RODRIGUES COSTA  ',NULL,NULL,NULL,'R JOAO SOUSA CARVALHO         ','363',NULL,'SP',13,13,NULL,0,NULL),(14,'PIMENTAIS      ','TITULAR',NULL,NULL,NULL,NULL,'Masculino',NULL,NULL,NULL,'PAI','I','19',NULL,NULL,'13940000','AGUAS D LINDOIA',NULL,NULL,'057946','27802625831    ',NULL,NULL,NULL,NULL,NULL,NULL,'2014-02-14 02:04:09','thiagotrader@hotmail.com',NULL,3500501,'38247421',NULL,NULL,'GILMAR PIRES CARDOSO          ','SANDRA MARIA RODRIGUES COSTA  ',NULL,NULL,NULL,'R JOAO SOUSA CARVALHO         ','363',NULL,'SP',14,14,NULL,0,NULL),(15,'CENTRO         ','TITULAR',NULL,NULL,NULL,NULL,'Masculino',NULL,NULL,NULL,'PAI','I','34',NULL,NULL,'38280970','ITURAMA        ',NULL,NULL,'057946',' 5908650137    ',NULL,NULL,NULL,NULL,NULL,NULL,'2014-02-14 02:06:49','mathenoli_vidaloka@hotmail.com                    ',NULL,3134400,'34110333',NULL,NULL,'MATHEUS HENRIQUE DE OLIVEIRA  ','ELIZABETE NOGUEIRA DA COSTA   ',NULL,NULL,NULL,'AV MATO GROSSO                ','783',NULL,'MG',15,15,NULL,0,NULL),(16,'PIMENTAIS      ','TITULAR',NULL,NULL,NULL,NULL,'Masculino',NULL,NULL,NULL,'PAI','I','19',NULL,NULL,'13940000','AGUAS D LINDOIA',NULL,NULL,'057946','27802625831    ',NULL,NULL,NULL,NULL,NULL,NULL,'2014-02-14 02:11:42','thiagotrader@hotmail.com',NULL,3500501,'38247421',NULL,NULL,'GILMAR PIRES CARDOSO          ','SANDRA MARIA RODRIGUES COSTA  ',NULL,NULL,NULL,'R JOAO SOUSA CARVALHO         ','363',NULL,'SP',16,16,NULL,0,NULL),(17,'PASSARE        ','TITULAR',NULL,NULL,NULL,NULL,'Masculino',NULL,NULL,NULL,'PAI','I','85',NULL,NULL,'60743770','FORTALEZA      ',NULL,NULL,'057946','70168229315    ',NULL,NULL,NULL,NULL,NULL,NULL,'2014-02-14 02:12:13','thiagotrader@hotmail.com',NULL,2304400,'88525011',NULL,NULL,'ROGERIO DE ANDRADE MACHADO    ','MARIA ANGELITA PEREIRA ALVES  ',NULL,NULL,NULL,'AV PRUDENTE BRASIL  ','633',NULL,'CE',17,17,NULL,0,NULL),(18,'CENTRO         ','TITULAR',NULL,NULL,NULL,NULL,'Masculino',NULL,NULL,NULL,'PAI','I','34',NULL,NULL,'38280970','ITURAMA        ',NULL,NULL,'057946',' 5908650137    ',NULL,NULL,NULL,NULL,NULL,NULL,'2014-02-14 02:13:37','mathenoli_vidaloka@hotmail.com                    ',NULL,3134400,'34110333',NULL,NULL,'MATHEUS HENRIQUE DE OLIVEIRA  ','ELIZABETE NOGUEIRA DA COSTA   ',NULL,NULL,NULL,'AV MATO GROSSO                ','783',NULL,'MG',18,18,NULL,0,NULL),(19,'CENTRO         ','TITULAR',NULL,NULL,NULL,NULL,'Feminino',NULL,NULL,NULL,'PAI','I','64',NULL,NULL,'75820000','SERRANOPOLIS   ',NULL,NULL,'057946','55631894149    ',NULL,NULL,NULL,NULL,NULL,NULL,'2014-02-14 02:13:38','ecastrodesouza@gmail.com                          ',NULL,5220504,'36681849',NULL,NULL,'ELIENE CASTRO DE SOUZA        ','JAQUELINE SERPA LIRA          ',NULL,NULL,NULL,'RUA JOAQUIM MANECO            ','19',NULL,'GO',19,19,NULL,0,NULL),(20,'MONDUBIM       ','TITULAR',NULL,NULL,NULL,NULL,'Masculino',NULL,NULL,NULL,'PAI','I','85',NULL,NULL,'60763376','FORTALEZA      ',NULL,NULL,'057946','63133725300    ',NULL,NULL,NULL,NULL,NULL,NULL,'2014-02-14 02:13:39','SD_BRITOFILHO@HOTMAIL.COM                         ',NULL,2304400,'34735744',NULL,NULL,'FRANCISCO BRITO SILVA FILHO   ','MARIA ELIZETE F DE OLIVEIRA   ',NULL,NULL,NULL,'RUA MONTE LIBANO              ','493',NULL,'CE',20,20,NULL,0,NULL),(21,'MANUEL SATIRO  ','TITULAR',NULL,NULL,NULL,NULL,'Masculino',NULL,NULL,NULL,'PAI','I','85',NULL,NULL,'60713200','FORTALEZA      ',NULL,NULL,'057946','60102211370    ',NULL,NULL,NULL,NULL,NULL,NULL,'2014-02-14 02:13:40','thiagotrader@hotmail.com',NULL,2304400,'86133218',NULL,NULL,'JANUARIO ALVES DE LIMA        ','CLAUDIA RODRIGUES DE OLIVEIRA ',NULL,NULL,NULL,'R ALBANO AMARAL BL A AP I     ','242',NULL,'CE',21,21,NULL,0,NULL),(22,'PIMENTAIS      ','TITULAR',NULL,NULL,NULL,NULL,'Masculino',NULL,NULL,NULL,'PAI','I','19',NULL,NULL,'13940000','AGUAS D LINDOIA',NULL,NULL,'057946','27802625831    ',NULL,NULL,NULL,NULL,NULL,NULL,'2014-02-14 02:15:54','thiagotrader@hotmail.com',NULL,3500501,'38247421',NULL,NULL,'GILMAR PIRES CARDOSO          ','SANDRA MARIA RODRIGUES COSTA  ',NULL,NULL,NULL,'R JOAO SOUSA CARVALHO         ','363',NULL,'SP',22,22,NULL,0,NULL),(23,'CENTRO         ','TITULAR',NULL,NULL,NULL,NULL,'Masculino',NULL,NULL,NULL,'PAI','I','34',NULL,NULL,'38280970','ITURAMA        ',NULL,NULL,'057946',' 5908650137    ',NULL,NULL,NULL,NULL,NULL,NULL,'2014-02-14 02:16:42','mathenoli_vidaloka@hotmail.com                    ',NULL,3134400,'34110333',NULL,NULL,'MATHEUS HENRIQUE DE OLIVEIRA  ','ELIZABETE NOGUEIRA DA COSTA   ',NULL,NULL,NULL,'AV MATO GROSSO                ','783',NULL,'MG',23,23,NULL,0,NULL),(24,'CENTRO         ','TITULAR',NULL,NULL,NULL,NULL,'Feminino',NULL,NULL,NULL,'PAI','I','64',NULL,NULL,'75820000','SERRANOPOLIS   ',NULL,NULL,'057946','55631894149    ',NULL,NULL,NULL,NULL,NULL,NULL,'2014-02-14 02:17:20','ecastrodesouza@gmail.com                          ',NULL,5220504,'36681849',NULL,NULL,'ELIENE CASTRO DE SOUZA        ','JAQUELINE SERPA LIRA          ',NULL,NULL,NULL,'RUA JOAQUIM MANECO            ','19',NULL,'GO',24,24,NULL,0,NULL),(25,'MONDUBIM       ','TITULAR',NULL,NULL,NULL,NULL,'Masculino',NULL,NULL,NULL,'PAI','I','85',NULL,NULL,'60763376','FORTALEZA      ',NULL,NULL,'057946','63133725300    ',NULL,NULL,NULL,NULL,NULL,NULL,'2014-02-14 02:17:22','SD_BRITOFILHO@HOTMAIL.COM                         ',NULL,2304400,'34735744',NULL,NULL,'FRANCISCO BRITO SILVA FILHO   ','MARIA ELIZETE F DE OLIVEIRA   ',NULL,NULL,NULL,'RUA MONTE LIBANO              ','493',NULL,'CE',25,25,NULL,0,NULL),(26,'MANUEL SATIRO  ','TITULAR',NULL,NULL,NULL,NULL,'Masculino',NULL,NULL,NULL,'PAI','I','85',NULL,NULL,'60713200','FORTALEZA      ',NULL,NULL,'057946','60102211370    ',NULL,NULL,NULL,NULL,NULL,NULL,'2014-02-14 02:17:23','thiagotrader@hotmail.com',NULL,2304400,'86133218',NULL,NULL,'JANUARIO ALVES DE LIMA        ','CLAUDIA RODRIGUES DE OLIVEIRA ',NULL,NULL,NULL,'R ALBANO AMARAL BL A AP I     ','242',NULL,'CE',26,26,NULL,0,NULL),(27,'PIMENTAIS      ','TITULAR',NULL,NULL,NULL,NULL,'Masculino',NULL,NULL,NULL,'PAI','I','19',NULL,NULL,'13940000','AGUAS D LINDOIA',NULL,NULL,'057946','27802625831    ',NULL,NULL,NULL,NULL,NULL,NULL,'2014-02-23 13:16:46','thiagotrader@hotmail.com',NULL,3500501,'38247421',NULL,NULL,'GILMAR PIRES CARDOSO          ','SANDRA MARIA RODRIGUES COSTA  ',NULL,NULL,NULL,'R JOAO SOUSA CARVALHO         ','363',NULL,'SP',27,27,NULL,0,NULL),(28,'CENTRO         ','TITULAR',NULL,NULL,NULL,NULL,'Masculino',NULL,NULL,NULL,'PAI','I','34',NULL,NULL,'38280970','ITURAMA        ',NULL,NULL,'057946',' 5908650137    ',NULL,NULL,NULL,NULL,NULL,NULL,'2014-02-23 13:16:58','mathenoli_vidaloka@hotmail.com                    ',NULL,3134400,'34110333',NULL,NULL,'MATHEUS HENRIQUE DE OLIVEIRA  ','ELIZABETE NOGUEIRA DA COSTA   ',NULL,NULL,NULL,'AV MATO GROSSO                ','783',NULL,'MG',28,28,NULL,0,NULL),(29,'MONDUBIM       ','TITULAR',NULL,NULL,NULL,NULL,'Masculino',NULL,NULL,NULL,'PAI','I','85',NULL,NULL,'60763376','FORTALEZA      ',NULL,NULL,'057946','63133725300    ',NULL,NULL,NULL,NULL,NULL,NULL,'2014-02-23 13:17:52','SD_BRITOFILHO@HOTMAIL.COM                         ',NULL,2304400,'34735744',NULL,NULL,'FRANCISCO BRITO SILVA FILHO   ','MARIA ELIZETE F DE OLIVEIRA   ',NULL,NULL,NULL,'RUA MONTE LIBANO              ','493',NULL,'CE',29,29,NULL,0,NULL),(30,'MANUEL SATIRO  ','TITULAR',NULL,NULL,NULL,NULL,'Masculino',NULL,NULL,NULL,'PAI','I','85',NULL,NULL,'60713200','FORTALEZA      ',NULL,NULL,'057946','60102211370    ',NULL,NULL,NULL,NULL,NULL,NULL,'2014-02-23 13:17:53','thiagotrader@hotmail.com',NULL,2304400,'86133218',NULL,NULL,'JANUARIO ALVES DE LIMA        ','CLAUDIA RODRIGUES DE OLIVEIRA ',NULL,NULL,NULL,'R ALBANO AMARAL BL A AP I     ','242',NULL,'CE',30,30,NULL,0,NULL),(31,'PIMENTAIS      ','TITULAR',NULL,NULL,NULL,NULL,'Masculino',NULL,NULL,NULL,'PAI','I','19',NULL,NULL,'13940000','AGUAS D LINDOIA',NULL,NULL,'057946','27802625831    ',NULL,NULL,NULL,NULL,NULL,NULL,'2014-02-23 13:19:44','thiagotrader@hotmail.com',NULL,3500501,'38247421',NULL,NULL,'GILMAR PIRES CARDOSO          ','SANDRA MARIA RODRIGUES COSTA  ',NULL,NULL,NULL,'R JOAO SOUSA CARVALHO         ','363',NULL,'SP',31,31,NULL,0,NULL),(32,'CENTRO         ','TITULAR',NULL,NULL,NULL,NULL,'Masculino',NULL,NULL,NULL,'PAI','I','34',NULL,NULL,'38280970','ITURAMA        ',NULL,NULL,'057946',' 5908650137    ',NULL,NULL,NULL,NULL,NULL,NULL,'2014-02-23 13:20:45','mathenoli_vidaloka@hotmail.com                    ',NULL,3134400,'34110333',NULL,NULL,'MATHEUS HENRIQUE DE OLIVEIRA  ','ELIZABETE NOGUEIRA DA COSTA   ',NULL,NULL,NULL,'AV MATO GROSSO                ','783',NULL,'MG',32,32,NULL,0,NULL),(33,'MONDUBIM       ','TITULAR',NULL,NULL,NULL,NULL,'Masculino',NULL,NULL,NULL,'PAI','I','85',NULL,NULL,'60763376','FORTALEZA      ',NULL,NULL,'057946','63133725300    ',NULL,NULL,NULL,NULL,NULL,NULL,'2014-02-23 13:21:12','SD_BRITOFILHO@HOTMAIL.COM                         ',NULL,2304400,'34735744',NULL,NULL,'FRANCISCO BRITO SILVA FILHO   ','MARIA ELIZETE F DE OLIVEIRA   ',NULL,NULL,NULL,'RUA MONTE LIBANO              ','493',NULL,'CE',33,33,NULL,0,NULL),(34,'MANUEL SATIRO  ','TITULAR',NULL,NULL,NULL,NULL,'Masculino',NULL,NULL,NULL,'PAI','I','85',NULL,NULL,'60713200','FORTALEZA      ',NULL,NULL,'057946','60102211370    ',NULL,NULL,NULL,NULL,NULL,NULL,'2014-02-23 13:21:12','thiagotrader@hotmail.com',NULL,2304400,'86133218',NULL,NULL,'JANUARIO ALVES DE LIMA        ','CLAUDIA RODRIGUES DE OLIVEIRA ',NULL,NULL,NULL,'R ALBANO AMARAL BL A AP I     ','242',NULL,'CE',34,34,NULL,0,NULL),(35,'PIMENTAIS      ','TITULAR',NULL,NULL,NULL,NULL,'Masculino',NULL,NULL,NULL,'PAI','I','19',NULL,NULL,'13940000','AGUAS D LINDOIA',NULL,NULL,'057946','27802625831    ',NULL,NULL,NULL,NULL,NULL,NULL,'2014-02-23 13:34:39','thiagotrader@hotmail.com',NULL,3500501,'38247421',NULL,NULL,'GILMAR PIRES CARDOSO          ','SANDRA MARIA RODRIGUES COSTA  ',NULL,NULL,NULL,'R JOAO SOUSA CARVALHO         ','363',NULL,'SP',35,35,NULL,0,NULL),(36,'CENTRO         ','TITULAR',NULL,NULL,NULL,NULL,'Masculino',NULL,NULL,NULL,'PAI','I','34',NULL,NULL,'38280970','ITURAMA        ',NULL,NULL,'057946',' 5908650137    ',NULL,NULL,NULL,NULL,NULL,NULL,'2014-02-23 13:35:07','mathenoli_vidaloka@hotmail.com                    ',NULL,3134400,'34110333',NULL,NULL,'MATHEUS HENRIQUE DE OLIVEIRA  ','ELIZABETE NOGUEIRA DA COSTA   ',NULL,NULL,NULL,'AV MATO GROSSO                ','783',NULL,'MG',36,36,NULL,0,NULL),(37,'PIMENTAIS      ','TITULAR',NULL,NULL,NULL,NULL,'Masculino',NULL,NULL,NULL,'PAI','I','19',NULL,NULL,'13940000','AGUAS D LINDOIA',NULL,NULL,'057946','27802625831    ',NULL,NULL,NULL,NULL,NULL,NULL,'2014-02-23 13:44:19','thiagotrader@hotmail.com',NULL,3500501,'38247421',NULL,NULL,'GILMAR PIRES CARDOSO          ','SANDRA MARIA RODRIGUES COSTA  ',NULL,NULL,NULL,'R JOAO SOUSA CARVALHO         ','363',NULL,'SP',37,37,NULL,0,NULL),(38,'CENTRO         ','TITULAR',NULL,NULL,NULL,NULL,'Masculino',NULL,NULL,NULL,'PAI','I','34',NULL,NULL,'38280970','ITURAMA        ',NULL,NULL,'057946',' 5908650137    ',NULL,NULL,NULL,NULL,NULL,NULL,'2014-02-23 13:44:37','mathenoli_vidaloka@hotmail.com                    ',NULL,3134400,'34110333',NULL,NULL,'MATHEUS HENRIQUE DE OLIVEIRA  ','ELIZABETE NOGUEIRA DA COSTA   ',NULL,NULL,NULL,'AV MATO GROSSO                ','783',NULL,'MG',38,38,NULL,0,NULL),(39,'MONDUBIM       ','TITULAR',NULL,NULL,NULL,NULL,'Masculino',NULL,NULL,NULL,'PAI','I','85',NULL,NULL,'60763376','FORTALEZA      ',NULL,NULL,'057946','63133725300    ',NULL,NULL,NULL,NULL,NULL,NULL,'2014-02-23 13:44:38','SD_BRITOFILHO@HOTMAIL.COM                         ',NULL,2304400,'34735744',NULL,NULL,'FRANCISCO BRITO SILVA FILHO   ','MARIA ELIZETE F DE OLIVEIRA   ',NULL,NULL,NULL,'RUA MONTE LIBANO              ','493',NULL,'CE',39,39,NULL,0,NULL),(40,'MANUEL SATIRO  ','TITULAR',NULL,NULL,NULL,NULL,'Masculino',NULL,NULL,NULL,'PAI','I','85',NULL,NULL,'60713200','FORTALEZA      ',NULL,NULL,'057946','60102211370    ',NULL,NULL,NULL,NULL,NULL,NULL,'2014-02-23 13:44:38','thiagotrader@hotmail.com',NULL,2304400,'86133218',NULL,NULL,'JANUARIO ALVES DE LIMA        ','CLAUDIA RODRIGUES DE OLIVEIRA ',NULL,NULL,NULL,'R ALBANO AMARAL BL A AP I     ','242',NULL,'CE',40,40,NULL,0,NULL),(41,'PIMENTAIS      ','TITULAR',NULL,NULL,NULL,NULL,'Masculino',NULL,NULL,NULL,'PAI','I','19',NULL,NULL,'13940000','AGUAS D LINDOIA',NULL,NULL,'057946','27802625831    ',NULL,NULL,NULL,NULL,NULL,NULL,'2014-02-23 13:48:34','thiagotrader@hotmail.com',NULL,3500501,'38247421',NULL,NULL,'GILMAR PIRES CARDOSO          ','SANDRA MARIA RODRIGUES COSTA  ',NULL,NULL,NULL,'R JOAO SOUSA CARVALHO         ','363',NULL,'SP',41,41,NULL,0,NULL),(42,'MONDUBIM       ','TITULAR',NULL,NULL,NULL,NULL,'Masculino',NULL,NULL,NULL,'PAI','I','85',NULL,NULL,'60763376','FORTALEZA      ',NULL,NULL,'057946','63133725300    ',NULL,NULL,NULL,NULL,NULL,NULL,'2014-02-23 13:50:12','SD_BRITOFILHO@HOTMAIL.COM                         ',NULL,2304400,'34735744',NULL,NULL,'FRANCISCO BRITO SILVA FILHO   ','MARIA ELIZETE F DE OLIVEIRA   ',NULL,NULL,NULL,'RUA MONTE LIBANO              ','493',NULL,'CE',42,42,NULL,0,NULL),(43,'PIMENTAIS      ','TITULAR',NULL,NULL,NULL,NULL,'Masculino',NULL,NULL,NULL,'PAI','I','19',NULL,NULL,'13940000','AGUAS D LINDOIA',NULL,NULL,'057946','08410580587',NULL,NULL,NULL,NULL,NULL,NULL,'2014-02-14 01:55:39','thiagotrader@hotmail.com',NULL,3500501,'38247421',NULL,NULL,'GILMAR PIRES CARDOSO          ','SANDRA MARIA RODRIGUES COSTA  ',NULL,NULL,NULL,'R JOAO SOUSA CARVALHO         ','363',NULL,'SP',43,43,NULL,1,'9026');
/*!40000 ALTER TABLE `recebido_sou_super_seguro_recusada` ENABLE KEYS */;
UNLOCK TABLES;

--
-- Table structure for table `role`
--

DROP TABLE IF EXISTS `role`;
/*!40101 SET @saved_cs_client     = @@character_set_client */;
/*!40101 SET character_set_client = utf8 */;
CREATE TABLE `role` (
  `id` bigint(20) NOT NULL AUTO_INCREMENT,
  `authority` varchar(25) NOT NULL,
  PRIMARY KEY (`id`)
) ENGINE=InnoDB AUTO_INCREMENT=3 DEFAULT CHARSET=utf8;
/*!40101 SET character_set_client = @saved_cs_client */;

--
-- Dumping data for table `role`
--

LOCK TABLES `role` WRITE;
/*!40000 ALTER TABLE `role` DISABLE KEYS */;
INSERT INTO `role` VALUES (1,'ROLE_ADMIN'),(2,'ROLE_USER');
/*!40000 ALTER TABLE `role` ENABLE KEYS */;
UNLOCK TABLES;

--
-- Table structure for table `users`
--

DROP TABLE IF EXISTS `users`;
/*!40101 SET @saved_cs_client     = @@character_set_client */;
/*!40101 SET character_set_client = utf8 */;
CREATE TABLE `users` (
  `id` bigint(20) NOT NULL AUTO_INCREMENT,
  `enabled` tinyint(1) DEFAULT NULL,
  `password` varchar(140) DEFAULT NULL,
  `username` varchar(25) NOT NULL,
  `id_infos_pessoais` bigint(20) DEFAULT NULL,
  `id_role` bigint(20) DEFAULT NULL,
  `repassword` tinyint(1) NOT NULL,
  PRIMARY KEY (`id`),
  UNIQUE KEY `UK_r43af9ap4edm43mmtq01oddj6` (`username`),
  KEY `FK_gq65f7patecy613g796v0ygu5` (`id_infos_pessoais`),
  KEY `FK_4j34htxrd33rn7lvap5j7fl8u` (`id_role`),
  CONSTRAINT `FK_4j34htxrd33rn7lvap5j7fl8u` FOREIGN KEY (`id_role`) REFERENCES `role` (`id`),
  CONSTRAINT `FK_gq65f7patecy613g796v0ygu5` FOREIGN KEY (`id_infos_pessoais`) REFERENCES `infos_pessoais` (`id`)
) ENGINE=InnoDB AUTO_INCREMENT=23 DEFAULT CHARSET=utf8;
/*!40101 SET character_set_client = @saved_cs_client */;

--
-- Dumping data for table `users`
--

LOCK TABLES `users` WRITE;
/*!40000 ALTER TABLE `users` DISABLE KEYS */;
INSERT INTO `users` VALUES (1,1,'698dc19d489c4e4db73e28a713eab07b','erik',1,1,0),(22,1,'698dc19d489c4e4db73e28a713eab07b','teste',27,2,0);
/*!40000 ALTER TABLE `users` ENABLE KEYS */;
UNLOCK TABLES;

--
-- Dumping events for database 'super_seguro_leitor'
--

--
-- Dumping routines for database 'super_seguro_leitor'
--
/*!40103 SET TIME_ZONE=@OLD_TIME_ZONE */;

/*!40101 SET SQL_MODE=@OLD_SQL_MODE */;
/*!40014 SET FOREIGN_KEY_CHECKS=@OLD_FOREIGN_KEY_CHECKS */;
/*!40014 SET UNIQUE_CHECKS=@OLD_UNIQUE_CHECKS */;
/*!40101 SET CHARACTER_SET_CLIENT=@OLD_CHARACTER_SET_CLIENT */;
/*!40101 SET CHARACTER_SET_RESULTS=@OLD_CHARACTER_SET_RESULTS */;
/*!40101 SET COLLATION_CONNECTION=@OLD_COLLATION_CONNECTION */;
/*!40111 SET SQL_NOTES=@OLD_SQL_NOTES */;

-- Dump completed on 2014-03-05 17:43:12
